Name,Metal,Atom_A,Atom_B,A-M-B Angle,M-A Distance,M-B Distance,Metal_NBO,A_NBO,B_NBO,HOMO_LUMO,A-B_NBO,NBO-dist-2-avg,NBO-dist-3-avg,NBO-dist-4-avg,NBO-dist-2-a-avg,NBO-dist-3-a-avg,NBO-dist-4-a-avg,NBO-dist-2-b-avg,NBO-dist-3-b-avg,NBO-dist-4-b-avg,NBO-dist-2-a-b-diff,NBO-dist-3-a-b-diff,NBO-dist-4-a-b-diff,NBO-dist-2-min,NBO-dist-3-min,NBO-dist-4-min,NBO-dist-2-max,NBO-dist-3-max,NBO-dist-4-max,NBO-dist-2-a-min,NBO-dist-3-a-min,NBO-dist-4-a-min,NBO-dist-2-b-min,NBO-dist-3-b-min,NBO-dist-4-b-min,NBO-dist-2-a-max,NBO-dist-3-a-max,NBO-dist-4-a-max,NBO-dist-2-b-max,NBO-dist-3-b-max,NBO-dist-4-b-max,NBO-metal-donor-diff,NBO-metal-a-diff,NBO-metal-b-diff,NBO-dist-2-1-avg-diff,NBO-dist-3-2-avg-diff,NBO-dist-4-3-avg-diff,NBO-dist-2-1-a-avg-diff,NBO-dist-3-2-a-avg-diff,NBO-dist-4-3-a-avg-diff,NBO-dist-2-1-b-avg-diff,NBO-dist-3-2-b-avg-diff,NBO-dist-4-3-b-avg-diff,Metal_mullkien,A_mulliken,B_mulliken,A-B_mulliken,Mulliken-dist-2-avg,Mulliken-dist-3-avg,Mulliken-dist-4-avg,Total % VBur,% VBur SE,% VBur SW,% VBur NE,% VBur NW,% VBur max,% VBur min,% VBur max min diff,% VBur NE NW diff,% VBur SE SW diff,% VBur NE SE diff,% VBur NW SW diff,% VBur NE SW diff,% VBur NW SE diff,% VBur asymm 1,% VBur asymm 2,% VBur asymm 3,% VBur octant 1,% VBur octant 2,% VBur octant 3,% VBur octant 4,% VBur octant 5,% VBur octant 6,% VBur octant 7,% VBur octant 8
ligand-100-p-o-26-int1,44,1,7,89,2.202,1.962,0.29534,1.1728,-1.03503,0.1946,2.2078,0.0565,-0.5121,0.2277,-0.5904,-0.1225,0.0407,1.9975,-1.0557,0.3637,2.5879,0.9332,0.323,-1.14672,-1.01181,0.19611,1.99751,0.27285,0.26851,-1.14672,-0.60998,-1.03503,1.99751,-1.14672,0.25102,-0.30994,1.99751,0.23246,1.99751,-1.00849,1.1728,0.22644,0.87746,1.33037,0.0124,0.5686,0.7398,1.7632,0.4679,0.1632,3.03253,3.0532,1.4194,0.216377,0.170062,-0.481115,0.651177,0.0725,-0.2502,0.1374,74.97612281,89.50102497,66.06876631,80.63501677,63.69968319,89.50102497,63.69968319,25.80134178,72.16734998,77.78489564,85.06802087,64.88422475,73.35189154,76.60035408,5.617545658,20.18379612,3.248462542,83.06000745,64.08404771,50.95508759,69.99161387,91.27841968,76.44427879,68.0534849,95.94204249
ligand-11-c-n-7-int1,50,1,16,89,1.854,1.999,0.31179,0.31789,-0.43781,0.1513,0.7557,-0.0996,-0.0305,0.0567,-0.352,0.003,0.0562,0.1529,-0.1137,0.0774,0.5049,0.1167,0.0212,-0.36571,-0.22917,-0.22468,0.21944,0.21758,0.23906,-0.36571,-0.22917,-0.22468,0.08629,-0.22917,-0.33838,-0.33838,0.21758,0.23906,0.21944,0.2158,0.23906,0.37179,0.0061,0.7496,0.0396,0.0691,0.0872,0.66989,0.355,0.0532,0.59071,0.2666,0.1911,0.001658,-0.117813,-0.25282,0.135007,0.0115,-0.0148,0.0787,82.5778047,79.50521804,67.09373835,96.93906075,86.77320164,96.93906075,67.09373835,29.8453224,91.8561312,73.2994782,88.2221394,76.93347,82.01639955,83.13920984,18.556653,11.2886694,1.122810287,78.7504659,58.05534849,81.76481551,96.65952292,97.21859858,91.78158777,76.13212821,80.25997018
ligand-124-c-o-3-int1,108,1,35,20,1.891,4.406,0.31179,0.30727,-0.66463,0.1486,0.9719,-0.137,-0.0057,0.0108,-0.3856,0.0616,0.0679,0.3602,-0.108,-0.1003,0.7458,0.1696,0.1682,-0.41327,-0.27487,-0.21399,0.36023,0.13658,0.24562,-0.41327,-0.03232,-0.21399,0.36023,-0.27487,-0.35791,-0.35791,0.13658,0.36023,0.36023,0.05883,0.21137,0.49049,0.00452,0.97642,0.0417,0.1313,0.0165,0.69287,0.4472,0.0063,1.02483,0.4682,0.0077,0.001658,-0.217434,-0.533162,0.315728,0.3201,-0.1246,-0.0325,85.66436824,94.7936079,79.8196981,96.63855758,71.40560939,96.63855758,71.40560939,25.23294819,84.02208349,87.306653,95.71608274,75.61265375,88.22912784,83.09960865,3.284569512,20.103429,5.129519195,90.34662691,86.47036899,70.15933656,95.6438688,97.63324637,72.65188222,73.16902721,99.24058889
ligand-126-p-p-25-int1,57,6,1,76,2.184,2.279,0.01871,1.2467,1.06788,0.1886,0.1788,-0.4927,-0.3193,0.1544,-0.575,-0.2252,0.1591,-0.6053,0.1497,-0.0555,0.0303,0.3749,0.2146,-1.07733,-0.60731,-0.19482,-0.32342,0.27218,0.22899,-1.07733,-0.60731,-0.37078,-1.07733,-0.19545,-0.32414,-0.32342,1.06788,0.22899,-0.3679,1.2467,0.21998,1.13859,1.22799,1.04917,1.65,0.1734,0.4737,1.8217,0.3498,0.3843,1.67318,0.755,0.2052,-0.148024,0.252282,0.426714,0.174432,-0.0628,-0.2058,0.1012,80.94949683,86.20713753,77.37374208,86.23509132,73.9820164,86.23509132,73.9820164,12.25307492,80.10855386,81.79043981,86.22111442,75.67787924,81.8044167,80.09457697,1.681885949,10.54323518,1.709839732,74.94409243,67.77860604,57.1002609,74.37569884,98.09448379,90.8637719,86.96887812,97.47018263
ligand-127-p-p-26-int1,69,1,6,77,2.169,2.296,0.03847,1.2498,1.04978,0.1885,0.2,-0.5417,-0.3011,0.1319,-0.7028,0.0511,-0.0215,-0.5565,-0.2053,0.142,0.1463,0.2564,0.1635,-1.06958,-0.60713,-0.38533,-0.29848,0.26752,0.22747,-1.06958,-0.39576,-0.38533,-1.06958,-0.60713,-0.52206,-0.51689,1.04978,0.21249,-0.29848,1.2498,0.22747,1.11133,1.21133,1.01131,1.6915,0.2406,0.433,1.9526,0.7539,0.0726,1.60628,0.3512,0.3473,-0.14289,0.357539,0.330727,0.026812,-0.0773,-0.205,0.0889,80.47311778,84.4460492,80.57212076,81.40840477,75.46589638,84.4460492,75.46589638,8.980152814,78.43715058,82.50908498,82.92722698,78.01900857,80.99026277,79.95597279,4.071934402,4.908218412,1.034289974,76.88688036,65.79388744,56.62970555,70.52273574,92.2940738,94.30208722,95.35035408,92.00521804
ligand-13-p-p-5-int1,83,6,1,93,2.185,2.282,0.02762,1.22654,1.10372,0.1855,0.1228,-0.5844,-0.0988,0.0227,-0.5892,-0.1165,-0.0135,-0.5796,-0.1135,-0.0154,0.0096,0.003,0.0019,-0.72462,-0.39721,-0.38457,-0.50711,0.24265,0.22552,-0.72462,-0.39721,-0.7208,-0.7208,-0.39366,-0.72462,-0.51539,0.24265,0.22552,-0.50711,0.2424,0.22552,1.13748,1.19892,1.0761,1.7495,0.4856,0.1215,1.81574,0.4727,0.103,1.68332,0.4661,0.0981,-0.294152,0.417324,0.398407,0.018917,-0.1062,-0.1081,0.0356,80.83360511,75.51947447,81.96049199,86.25372717,79.6007268,86.25372717,75.51947447,10.7342527,82.92722698,78.73998323,80.88660082,80.78060939,84.10710958,77.56010063,4.187243757,0.105991428,6.547008945,73.49515468,78.62001491,68.87346254,73.55106224,98.9563921,90.32799105,85.30096906,77.54379426
ligand-14-p-c-1-int1,69,1,41,86,2.149,1.941,0.09588,1.23677,0.26101,0.1967,0.9758,-0.4576,-0.0585,0.0366,-0.5185,-0.1116,0.019,-0.3662,-0.1304,0.3166,0.1523,0.0188,0.2976,-0.52367,-0.39579,-0.38537,-0.36396,0.23338,0.24213,-0.52367,-0.39579,-0.38537,-0.36853,-0.51917,0.01208,-0.51267,0.23338,0.26101,-0.36396,0.11119,1.23677,0.65302,1.14089,0.16513,1.2065,0.3991,0.0951,1.75527,0.4069,0.1306,0.62721,0.2358,0.447,0.378013,0.263744,-0.045277,0.309021,-0.1117,-0.0682,0.0441,77.39412505,71.3147596,68.82920239,86.52161759,82.91092061,86.52161759,68.82920239,17.69241521,84.7162691,70.07198099,78.91818859,75.8700615,77.67540999,77.1128401,14.64428811,3.048127097,0.562569884,62.94726053,65.51900857,76.66325009,74.98602311,98.05721208,89.15859113,72.1393962,79.68225867
ligand-15-p-c-2-int1,80,1,42,86,2.15,1.947,0.10802,1.24227,0.35732,0.1928,0.8849,-0.477,-0.0893,0.0518,-0.5182,-0.1198,0.0148,-0.4152,-0.2092,0.2828,0.103,0.0894,0.268,-0.52356,-0.39554,-0.3854,-0.41409,0.23037,0.21944,-0.52356,-0.41409,-0.3854,-0.41629,-0.51829,0.00461,-0.51273,0.23037,0.35732,-0.41409,0.11835,1.24227,0.69178,1.13425,0.2493,1.2768,0.3877,0.1411,1.76047,0.3984,0.1346,0.77252,0.206,0.492,0.36918,0.313366,-0.003151,0.316517,-0.1386,-0.0727,0.0465,78.30902907,70.82323891,69.0854454,86.54025345,86.78717853,86.78717853,69.0854454,17.70173313,86.66371599,69.95434215,78.68174618,77.93631196,77.81284942,78.80520872,16.70937384,0.745434215,0.992359299,61.51229966,67.11237421,81.51323146,75.72679836,97.35370854,92.06112561,71.05851659,80.13417816
ligand-16-p-c-3-int1,75,1,42,85,2.284,1.879,0.15065,1.08745,0.37876,0.1839,0.7087,-0.458,-0.0282,-0.0219,-0.5043,-0.1157,0.0401,-0.3885,-0.0408,0.1615,0.1158,0.0749,0.1214,-0.51165,-0.39823,-0.38494,-0.38248,0.23187,0.22204,-0.51165,-0.39823,-0.38494,-0.3945,-0.51165,-0.22195,-0.49928,0.23187,0.37876,-0.38248,0.12899,1.08745,0.58245,0.9368,0.22811,1.1911,0.4298,0.0063,1.59175,0.3886,0.1558,0.76726,0.3477,0.2023,0.140684,0.28806,0.037547,0.250513,-0.0683,-0.0697,-0.0025,75.29234998,75.25391353,74.64125978,66.90039135,84.37383526,84.37383526,66.90039135,17.47344391,75.63711331,74.94758666,71.07715244,79.50754752,70.77082557,79.81387439,0.689526649,8.43039508,9.043048826,71.21692136,76.48620947,75.20033545,54.14647782,79.65430488,93.54733507,72.7963101,79.2909057
ligand-18-p-c-5-int1,75,5,49,90,2.19,1.954,0.08866,1.2213,0.2701,0.196,0.9512,-0.5024,-0.0979,0.0734,-0.5845,-0.1171,0.0225,-0.3794,-0.0546,0.0764,0.2051,0.0625,0.0539,-0.72087,-0.39885,-0.38358,-0.37294,0.24525,0.24194,-0.72087,-0.39885,-0.38358,-0.38582,-0.19797,-0.39726,-0.51441,0.24525,0.23207,-0.37294,0.10686,0.24194,0.65704,1.13264,0.18144,1.2481,0.4045,0.1713,1.8058,0.4674,0.1396,0.6495,0.3248,0.131,-0.176549,0.502569,-0.085619,0.588188,-0.0902,-0.0973,0.0646,83.81184775,85.46636228,93.28177413,77.95378308,78.54547149,93.28177413,77.95378308,15.32799105,78.24962728,89.37406821,81.71007268,85.91362281,85.61777861,82.00591688,11.12444092,4.20355013,3.611861722,78.89023481,88.43645173,68.53335818,62.87271711,93.03484905,88.55758479,98.12709653,92.04248975
ligand-183-n-o-34-int1,90,1,2,94,1.955,1.983,0.54019,-0.52293,-1.06319,0.1803,0.5403,0.8933,-0.2556,-0.1577,0.2571,-0.1467,0.2325,2.1658,-0.569,-0.0267,1.9087,0.4223,0.2592,0.12448,-0.76053,-0.24315,2.16577,0.19994,0.09904,0.12448,-0.76053,-0.24315,2.16577,-0.76053,-0.17127,0.38969,0.19994,2.16577,2.16577,-0.47155,0.38969,1.33329,1.06312,1.60338,1.6864,1.1489,0.0979,0.78003,0.4038,0.3792,3.22899,2.7348,0.5423,0.276913,-0.264378,-0.496368,0.23199,0.2964,0.0737,-0.1021,78.4703457,86.22577339,62.67471114,91.25745434,73.72344391,91.25745434,62.67471114,28.5827432,82.49044912,74.45024227,88.74161387,68.19907753,76.96608274,79.97460865,8.040206858,20.54253634,3.008525904,86.87569884,64.79686918,57.9248975,86.81047335,95.70443533,89.52199031,60.55255311,85.57584793
ligand-186-p-o-53-int1,40,1,5,95,2.157,1.93,0.2873,1.20809,-0.92945,0.1856,2.1375,0.3319,-0.3894,-0.0314,-0.3609,-0.2013,0.1905,2.4102,-0.7341,-0.2682,2.7711,0.5328,0.4587,-0.36952,-0.96603,-0.20371,2.41017,-0.1488,0.2223,-0.36952,-0.29503,-0.20371,2.41017,-0.96603,-0.35396,-0.35396,-0.1488,2.41017,2.41017,-0.29503,-0.18243,0.148,0.92079,1.21675,0.1926,0.7213,0.358,1.56899,0.1596,0.3918,3.33965,3.1443,0.4659,0.294878,0.282291,-0.49295,0.775241,0.2476,-0.2526,0.0129,74.81131196,89.33563176,73.20163996,83.1182445,53.58973164,89.33563176,53.58973164,35.74590011,68.35398807,81.26863586,86.22693813,63.3956858,78.15994223,71.4626817,12.91464778,22.83125233,6.697260529,81.29891912,59.08032054,51.05292583,73.50913157,92.72735744,56.12653746,87.32295937,97.37234439
ligand-187-p-o-54-int1,19,1,5,95,2.191,1.929,0.30704,1.20275,-0.92698,0.1864,2.1297,0.2572,-0.3523,-0.0058,-0.4608,-0.2005,0.1452,2.4111,-0.7417,-0.2601,2.8719,0.5412,0.4053,-0.52378,-0.97695,-0.38522,2.41107,0.26236,0.22034,-0.52378,-0.39863,-0.38522,2.41107,-0.97695,-0.33812,-0.33812,0.26236,2.41107,2.41107,-0.30638,-0.18204,0.16914,0.89571,1.23402,0.1193,0.6095,0.3465,1.66355,0.2603,0.3457,3.33808,3.1528,0.4816,0.291351,0.202239,-0.484801,0.68704,0.2692,-0.2459,0.0248,75.38145266,90.02049944,76.87523295,81.47363026,53.15644801,90.02049944,53.15644801,36.86405143,67.31503914,83.44786619,85.74706485,65.01584048,79.17443161,71.58847372,16.13282706,20.73122438,7.585957883,84.4204249,63.56690272,50.5031681,70.07081625,92.87644428,55.80972792,90.18356318,95.62057398
ligand-19-p-c-6-int1,75,5,49,90,2.166,1.96,0.05046,1.26454,0.27154,0.1822,0.993,-0.504,-0.122,0.0888,-0.5946,-0.1159,0.0227,-0.3682,-0.1359,0.1165,0.2264,0.02,0.0938,-0.72584,-0.39802,-0.38448,-0.3677,0.2464,0.24119,-0.72584,-0.39802,-0.38448,-0.36871,-0.21425,-0.39802,-0.52626,0.2464,0.23285,-0.3677,-0.05855,0.24119,0.71754,1.21408,0.22108,1.272,0.382,0.2108,1.85914,0.4787,0.1386,0.63974,0.2323,0.2524,0.039861,0.417945,-0.286995,0.70494,-0.1044,-0.0999,0.0815,81.26688874,81.97912784,90.73797987,77.79537831,74.55506895,90.73797987,74.55506895,16.18291092,76.17522363,86.35855386,79.88725307,82.64652441,84.26667909,78.2670984,10.18333023,2.759271338,5.999580693,74.92079761,86.75922475,60.76220649,62.60715617,92.98360045,88.34793142,94.716735,89.03745807
ligand-2-p-p-1-int1,56,10,11,88,2.144,2.258,-0.03636,1.25315,1.09198,0.1855,0.1612,-0.4914,-0.0416,0.012,-0.5022,-0.1362,0.1529,-0.4806,-0.1386,0.1669,0.0216,0.0024,0.014,-0.71408,-0.19286,-0.19802,-0.36452,0.25031,0.2202,-0.71408,-0.71061,-0.19439,-0.71061,-0.71408,-0.19802,-0.39228,0.24981,1.09198,-0.36452,0.25031,1.25315,1.20896,1.28951,1.12834,1.664,0.4498,0.0536,1.75535,0.366,0.2891,1.57258,0.342,0.3055,-0.09367,0.313015,0.339215,0.0262,-0.0982,-0.0549,0.0249,80.68510063,81.16613865,81.8812896,88.9559262,70.73704808,88.9559262,70.73704808,18.21887812,79.84648714,81.52371413,85.06103243,76.30916884,85.4186079,75.95159337,1.677226985,8.751863586,9.467014536,73.17368617,65.82650019,66.00819978,80.48360045,97.42825196,75.46589638,97.93607902,89.15859113
ligand-21-p-c-8-int1,69,5,49,90,2.167,1.958,0.04909,1.27629,0.26822,0.1967,1.0081,-0.5049,-0.1208,0.0853,-0.597,-0.1158,0.0227,-0.3667,-0.132,0.1072,0.2303,0.0162,0.0845,-0.72904,-0.39675,-0.3848,-0.36408,0.24619,0.24148,-0.72904,-0.39675,-0.3848,-0.36924,-0.20388,-0.39675,-0.52856,0.24619,0.23331,-0.36408,-0.0589,0.24148,0.72321,1.2272,0.21913,1.2772,0.3841,0.2061,1.87329,0.4812,0.1385,0.63492,0.2347,0.2392,0.094649,0.369629,-0.287192,0.656821,-0.1064,-0.1004,0.0827,80.36712635,79.37476705,85.47568021,81.30590757,75.31215058,85.47568021,75.31215058,10.16352963,78.30902907,82.42522363,80.34033731,80.39391539,83.39079389,77.34345881,4.116194558,0.053578084,6.047335073,69.53969437,76.46757361,61.28401044,68.46813269,94.14368245,89.34029072,94.48378681,89.20983973
ligand-22-p-c-9-int1,73,5,49,90,2.17,1.96,0.04666,1.26844,0.26415,0.1733,1.0043,-0.5023,-0.1212,0.0841,-0.5937,-0.1168,0.0229,-0.3651,-0.131,0.1038,0.2286,0.0142,0.0809,-0.72693,-0.39623,-0.38508,-0.36119,0.24509,0.24208,-0.72693,-0.39623,-0.38508,-0.36894,-0.20103,-0.39623,-0.52645,0.24509,0.23182,-0.36119,-0.05663,0.24208,0.71964,1.22178,0.21749,1.2686,0.3811,0.2053,1.86214,0.4769,0.1397,0.62925,0.2341,0.2348,-0.022973,0.416862,-0.219261,0.636123,-0.1121,-0.1025,0.0817,80.44341688,81.85100634,84.27366754,79.17210212,76.47689154,84.27366754,76.47689154,7.796775997,77.82449683,83.06233694,80.51155423,80.37527954,81.72288483,79.16394894,5.237840104,0.136274693,2.558935893,72.94539694,73.54174432,64.89936638,66.02217667,92.32202758,88.0544167,95.00559076,90.75661573
ligand-242-n-o-79-int1,143,1,7,5,2.468,5.063,0.04666,-0.63783,-0.68402,0.1188,0.0462,0.3477,-0.3348,0.0096,0.3614,-0.1839,-0.1118,0.3205,-0.1188,-0.2228,0.0409,0.0651,0.111,0.04563,-0.40296,-0.27212,0.67713,-0.25757,0.20444,0.04563,-0.40296,-0.68402,0.32048,-0.2832,-0.63783,0.67713,0.32048,0.18703,0.32048,0.04563,0.20444,0.70756,0.68449,0.73068,1.0086,0.6825,0.3444,0.99923,0.5453,0.0721,1.00452,0.4393,0.104,-0.022973,-0.300796,-0.560607,0.259811,0.0756,0.1363,-0.0773,81.19583955,84.25037272,54.92918375,97.29081252,88.31298919,97.29081252,54.92918375,42.36162877,92.80190086,69.58977823,90.77059262,71.62108647,76.10999814,86.28168095,23.21212262,19.14950615,10.17168282,78.07491614,47.67517704,93.56131196,97.15337309,97.42825196,83.06466642,62.18319046,90.4258293
ligand-243-p-o-63-int1,71,1,6,87,2.16,1.958,0.28736,1.19042,-1.06664,0.1826,2.2571,0.2769,-0.3275,-0.0285,-0.3575,-0.2255,0.1791,2.1801,-0.5607,-0.151,2.5376,0.3352,0.3301,-0.37978,-0.8192,-0.19663,2.1801,-0.1702,0.22786,-0.37978,-0.41506,-0.19663,2.1801,-0.8192,-0.31904,-0.31904,-0.1702,2.1801,2.1801,-0.41506,-0.02002,0.22546,0.90306,1.354,0.215,0.6044,0.299,1.54792,0.132,0.4046,3.24674,2.7408,0.4097,0.039925,0.414447,-0.483079,0.897526,0.1586,-0.1249,-0.0429,77.4739098,84.986489,66.53699217,73.71412598,84.65803205,84.986489,66.53699217,18.44949683,79.18607902,75.76174059,79.35030749,75.59751211,70.12555908,84.82226053,3.424338427,3.752795378,14.69670145,73.55572121,60.36619456,75.14442788,66.29705553,81.13119642,94.17163623,72.70778979,96.4172568
ligand-244-p-o-64-int1,83,1,6,94,2.178,1.933,0.30791,1.17778,-1.06868,0.1927,2.2465,0.2196,-0.3038,-0.0233,-0.4375,-0.2208,0.1344,2.191,-0.5663,-0.1488,2.6285,0.3455,0.2832,-0.50816,-0.82058,-0.38523,2.19101,0.21887,0.21222,-0.50816,-0.42733,-0.38523,2.19101,-0.82058,-0.30337,-0.30337,0.21887,2.19101,2.19101,-0.42733,-0.01959,0.25341,0.86987,1.37659,0.1651,0.5234,0.2805,1.61528,0.2167,0.3552,3.25968,2.7573,0.4175,0.1168,0.390077,-0.498472,0.888549,0.1495,-0.1381,-0.0253,80.27685893,88.86274693,63.26872903,83.75419307,85.22176668,88.86274693,63.26872903,25.59401789,84.48797987,76.06573798,86.30847,74.24524786,73.51146105,87.0422568,8.422241893,12.06322214,13.53079575,83.57715244,63.68337682,74.18934029,72.70778979,94.80059635,96.25419307,62.85408125,94.14834141
ligand-245-p-o-65-int1,89,1,6,94,2.17,1.951,0.3169,1.15859,-1.0629,0.1672,2.2215,0.2988,-0.3127,-0.0523,-0.3348,-0.2035,0.1507,2.1995,-0.5737,-0.1445,2.5343,0.3702,0.2952,-0.36038,-0.82903,-0.19889,2.19954,0.00775,0.23161,-0.36038,-0.44078,-0.19889,2.19954,-0.82903,-0.28392,-0.28392,0.00775,2.19954,2.19954,-0.44078,-0.01735,0.2691,0.84169,1.3798,0.251,0.6115,0.2604,1.49339,0.1313,0.3542,3.2624,2.7732,0.4292,-0.234684,0.379949,-0.382321,0.76227,0.1532,-0.0871,-0.0551,91.03964778,91.25745434,87.84476332,98.63259411,86.42377935,98.63259411,86.42377935,12.20881476,92.52818673,89.55110883,94.94502423,87.13427134,93.23867872,88.84061685,2.977077898,7.810752889,4.398061871,84.3691763,78.14945956,83.60044726,97.47950056,99.78568766,89.24711144,97.54006709,98.14573239
ligand-246-c-n-8-int1,70,1,46,82,1.875,2.016,0.34041,0.27784,-0.88366,0.1518,1.1615,0.4933,-0.3439,0.0161,-0.3797,0.1407,-0.2083,1.3662,-0.587,0.0898,1.7459,0.7277,0.2981,-0.38431,-0.94734,-0.28216,2.32269,0.12739,0.23264,-0.38431,-0.08339,-0.88366,0.40972,-0.94734,-0.14077,-0.375,0.40972,0.22586,2.32269,-0.33764,0.27784,0.64331,0.06257,1.22407,0.7962,0.8372,0.36,0.65754,0.5204,0.349,2.24986,1.9532,0.6768,0.259577,-0.093256,-0.42789,0.334634,0.3285,-0.2477,0.0394,80.59599795,79.48658218,63.57622065,91.74198658,87.57920239,91.74198658,63.57622065,28.16576593,89.66059448,71.53140142,85.61428438,75.57771152,77.65910362,83.53289228,18.12919307,10.03657287,5.873788669,78.62933284,61.93626537,77.47856877,93.25382035,90.23015281,97.679836,65.21617592,80.34383153
ligand-248-c-o-4-int1,74,1,49,91,1.883,1.955,0.35036,0.30172,-1.0653,0.1515,1.367,0.4265,-0.1286,-0.3362,-0.3696,-0.0076,0.3236,2.0186,-0.3097,-0.5236,2.3882,0.3021,0.8472,-0.37267,-0.38141,-0.60786,2.01859,0.11991,0.24294,-0.37267,-0.18751,-0.19489,2.01859,-0.38141,-0.60786,-0.36647,0.11991,2.01859,2.01859,-0.18751,-0.19489,0.73216,0.04864,1.41566,0.8083,0.5551,0.2076,0.67132,0.362,0.3312,3.0839,2.3283,0.2139,0.01255,-0.128575,-0.407915,0.27934,0.2151,0.0235,-0.2206,84.90845136,81.86265375,85.42676109,96.85286992,75.49152069,96.85286992,75.49152069,21.36134924,86.1721953,83.64470742,89.35776183,80.45914089,91.13981551,78.67708722,2.527487887,8.898620947,12.46272829,78.25195676,74.02161759,82.24468878,96.19362654,97.51211331,68.73835259,96.83190458,85.47335073
ligand-251-p-o-66-int1,19,1,5,91,2.172,1.948,0.26468,1.19719,-0.92574,0.1853,2.1229,0.2572,-0.4369,0.1549,-0.4589,-0.3082,0.3049,2.4057,-0.7332,-0.27,2.8646,0.425,0.5749,-0.51149,-0.9639,-0.19926,2.40574,0.21855,0.2325,-0.51149,-0.60183,-0.19926,2.40574,-0.9639,-0.3564,-0.3564,0.21855,2.40574,2.40574,-0.296,-0.1835,0.12898,0.93251,1.19042,0.1215,0.6941,0.5918,1.65609,0.1507,0.6131,3.33144,3.1389,0.4632,0.151831,0.297348,-0.461792,0.75914,0.1806,-0.2402,0.0953,79.3974795,91.72335073,87.76090198,82.12122624,55.98443906,91.72335073,55.98443906,35.73891167,69.05283265,89.74212635,86.92228848,71.87267052,84.94106411,73.85389489,20.6892937,15.04961796,11.08716921,84.81643682,78.56410734,47.63324637,68.24916139,95.99329109,64.33563176,96.95769661,98.63026463
ligand-252-p-o-67-int1,19,1,5,90,2.224,1.954,0.27622,1.15697,-0.93008,0.1777,2.0871,0.3602,-0.6026,0.1723,-0.3224,-0.5158,0.2787,2.4079,-0.7336,-0.2672,2.7303,0.2178,0.5459,-0.35009,-0.96021,-0.20229,2.40793,-0.19892,0.243,-0.35009,-0.61171,-0.20229,2.40793,-0.96021,-0.35009,-0.30828,-0.19892,2.40793,2.40793,-0.30075,-0.1844,0.16282,0.88075,1.2063,0.2468,0.9628,0.7749,1.47937,0.1934,0.7945,3.33798,3.1415,0.4664,0.03814,0.220148,-0.449954,0.670102,0.3077,-0.3556,0.1075,82.24701826,93.03019009,90.27674245,86.33758852,59.34355199,93.03019009,59.34355199,33.68663809,72.84057026,91.65346627,89.6838893,74.81014722,88.30716549,76.18687104,18.81289601,14.87374208,12.12029445,88.09634737,82.88762579,53.21934402,74.19865822,98.47651882,65.46775997,97.66585911,97.9640328
ligand-255-p-o-70-int1,77,1,5,96,2.206,1.908,0.32888,1.14148,-0.93712,0.1867,2.0786,0.2707,-0.3157,-0.039,-0.4472,-0.1531,0.115,2.4243,-0.7489,-0.2509,2.8715,0.5958,0.3659,-0.5208,-0.98864,-0.38726,2.42434,0.29032,0.22272,-0.5208,-0.40343,-0.38726,2.42434,-0.98864,-0.32042,-0.32042,0.29032,2.42434,2.42434,-0.31406,-0.18133,0.22668,0.8126,1.266,0.1685,0.5864,0.2767,1.58868,0.2941,0.2681,3.36142,3.1732,0.498,0.285148,0.178744,-0.490015,0.668759,0.2978,-0.2404,0.0362,78.92867126,96.72241893,79.0463101,83.68663809,56.25931793,96.72241893,56.25931793,40.46310101,69.97297801,87.88436452,90.20452851,67.65281401,81.3664741,76.49086843,17.91138651,22.5517145,4.875605665,94.72139396,72.55870294,52.71617592,75.93179277,91.44148341,59.80245993,85.53391726,98.72344391
ligand-260-c-o-10-int1,72,1,51,92,1.89,1.869,0.39123,0.27508,-0.65331,0.1482,0.9284,-0.1188,0.0283,-0.0367,-0.3641,0.0607,0.055,0.372,-0.0167,-0.1554,0.7361,0.0774,0.2104,-0.39591,-0.10102,-0.22201,0.372,0.13849,0.22695,-0.39591,-0.04678,-0.22201,0.372,-0.10102,-0.33235,-0.33235,0.13849,0.372,0.372,0.06768,-0.04677,0.58033,0.11615,1.04454,0.0703,0.1471,0.065,0.63918,0.4248,0.0057,1.02531,0.3887,0.1387,0.383106,-0.1274,-0.589,0.4616,0.1368,-0.0717,-0.0165,75.13569232,88.53894894,62.1901789,83.1694931,66.64414834,88.53894894,62.1901789,26.34877003,74.90682072,75.36456392,85.85422102,64.41716362,72.679836,77.59154864,0.457743198,21.4370574,4.911712635,94.86116288,66.6884085,58.81010063,85.65039135,80.68859486,74.47819605,57.69194931,82.216735
ligand-266-p-o-75-int1,76,1,3,91,2.185,1.966,0.29558,1.19135,-1.04272,0.1912,2.2341,-0.042,-0.2198,0.0629,-0.7229,0.2022,-0.2314,2.0008,-1.0554,0.3654,2.7237,1.2576,0.5968,-1.14866,-1.00994,-0.38982,2.00078,0.28241,0.26489,-1.14866,-0.39693,-1.04272,2.00078,-1.14866,0.25081,-0.50496,2.00078,0.20726,2.00078,-1.00755,1.19135,0.22128,0.89577,1.3383,0.1163,0.1778,0.2827,1.91425,0.9251,0.4336,3.04352,3.0562,1.4208,0.112781,0.231331,-0.431484,0.662815,0.0437,-0.1081,0.0525,80.16504379,87.85408125,65.84513604,95.52972419,71.43123369,95.52972419,65.84513604,29.68458815,83.48047894,76.84960865,91.69190272,68.63818487,80.68743012,79.64265747,6.630870294,23.05371785,1.044772643,77.34811778,55.70723071,64.84811778,91.88408498,99.1753634,78.01434961,75.98304137,98.36004473
ligand-267-p-o-76-int1,63,1,4,91,2.174,1.924,0.29478,1.15998,-1.08847,0.1926,2.2485,0.1845,-0.3323,-0.0558,-0.4347,-0.3227,0.2805,2.0422,-0.3887,-0.5136,2.4769,0.066,0.7941,-0.50577,-0.60066,-0.60789,2.0422,0.21869,0.22594,-0.50577,-0.60066,-0.18805,2.0422,-0.42444,-0.60789,-0.30431,0.21869,2.0422,2.0422,-0.36509,-0.18805,0.25898,0.8652,1.38325,0.1487,0.5168,0.2765,1.59468,0.112,0.6032,3.13067,2.4309,0.1249,0.104686,0.341547,-0.487944,0.829491,0.1064,-0.1196,-0.0501,80.3898388,82.24701826,85.24040253,90.84979501,63.2221394,90.84979501,63.2221394,27.62765561,77.0359672,83.7437104,86.54840663,74.23127097,88.04509877,72.73457883,6.707743198,12.31713567,15.31051994,68.25382035,72.45620574,62.96589638,86.05572121,95.6438688,63.47838241,98.02459933,96.24021618
ligand-268-p-o-77-int1,43,1,4,86,2.151,1.942,0.27293,1.20121,-1.08968,0.1839,2.2909,0.2406,-0.2618,-0.2146,-0.3601,-0.2254,0.168,2.0427,-0.3855,-0.516,2.4028,0.1601,0.684,-0.38377,-0.41418,-0.60806,2.04268,-0.17146,0.22902,-0.38377,-0.41418,-0.196,2.04268,-0.41418,-0.60806,-0.31914,-0.17146,2.04268,2.04268,-0.37103,-0.18659,0.21713,0.92828,1.36261,0.1848,0.5024,0.0472,1.56131,0.1347,0.3934,3.13238,2.4282,0.1305,0.054177,0.383632,-0.467744,0.851376,0.1373,-0.0959,-0.136,77.97008945,74.39200522,85.52226985,86.0953224,65.87076034,86.0953224,65.87076034,20.22456206,75.98304137,79.95713753,80.24366381,75.6965151,85.80879612,70.13138278,3.974096161,4.547148714,15.67741334,63.65076407,73.27152441,60.91595229,76.8682445,95.3224003,70.82556839,97.77301528,85.13324637
ligand-269-p-o-78-int1,73,1,4,86,2.149,1.959,0.28399,1.18969,-1.09185,0.174,2.2815,0.222,-0.1277,-0.3109,-0.386,-0.0461,0.0313,2.0461,-0.3888,-0.5127,2.4321,0.3427,0.544,-0.43724,-0.4215,-0.60688,2.04611,0.33548,0.22454,-0.43724,-0.4215,-0.47934,2.04611,-0.4215,-0.60688,-0.29902,0.33548,2.04611,2.04611,-0.37235,-0.18757,0.23509,0.9057,1.37584,0.1731,0.3497,0.1832,1.57569,0.3399,0.0774,3.13795,2.4349,0.1239,-0.105941,0.583726,-0.414081,0.997807,0.0887,0.0219,-0.2104,86.54083582,90.16958628,86.56820723,83.63538949,85.79016027,90.16958628,83.63538949,6.534196795,84.71277488,88.36889676,86.90248789,86.17918375,85.10179836,87.97987328,3.656121878,0.723304137,2.878074916,84.4204249,83.763511,73.33209094,74.47353709,92.79724189,98.24822959,89.37290347,95.91874767
ligand-270-p-o-79-int1,43,1,4,84,2.154,1.96,0.26812,1.16637,-1.08516,0.1792,2.2515,0.2682,-0.2531,-0.1177,-0.3226,-0.2138,0.3046,2.0404,-0.3876,-0.5131,2.363,0.1738,0.8177,-0.3417,-0.42043,-0.60973,2.04043,-0.13818,0.98483,-0.3417,-0.42043,-0.18301,2.04043,-0.42043,-0.60973,-0.30629,-0.13818,2.04043,2.04043,-0.37104,-0.18301,0.22752,0.89825,1.35328,0.2276,0.5213,0.1354,1.48897,0.1088,0.5184,3.12556,2.428,0.1255,-0.103976,0.471137,-0.427269,0.898406,0.135,-0.1081,-0.0602,89.63322307,90.40253448,87.7958442,97.57966828,82.75484532,97.57966828,82.75484532,14.82482296,90.1672568,89.09918934,93.99110138,85.27534476,92.68775624,86.5786899,1.068067462,8.715756616,6.109066344,82.17946329,77.09653373,82.45434215,95.29910548,99.86023108,83.05534849,98.49515468,98.62560567
ligand-272-p-o-81-int1,17,1,4,84,2.166,1.964,0.28001,1.15933,-1.03239,0.1784,2.1917,0.257,-0.4118,0.1826,-0.3205,-0.2147,0.302,1.9895,-0.8109,0.1167,2.31,0.5962,0.1853,-0.34254,-1.0052,-0.17649,1.98948,-0.1355,0.98318,-0.34254,-0.42658,-0.17649,1.98948,-1.0052,-0.29836,-0.29836,-0.1355,1.98948,1.98948,-0.42658,0.26452,0.21651,0.87932,1.3124,0.1935,0.6688,0.5944,1.47983,0.1058,0.5167,3.02189,2.8004,0.9276,0.107922,0.265272,-0.449715,0.714987,0.1629,-0.2185,0.1415,84.81352497,92.46878494,83.92191577,94.20424898,68.6591502,94.20424898,68.6591502,25.54509877,81.43169959,88.19535035,93.33651696,76.29053299,89.06308237,80.56396757,6.763650764,17.04598397,8.499114797,89.68971301,76.80767797,56.65765934,88.4923593,99.91613865,80.66064107,91.03615356,95.24785688
ligand-279-p-o-86-int1,81,1,2,90,2.158,1.952,0.32743,1.19077,-1.04972,0.1729,2.2405,0.1692,-0.0609,-0.1801,-0.4442,0.0667,0.0158,2.0093,-0.4427,-0.2059,2.4535,0.5094,0.2217,-0.47196,-0.44709,-0.47915,2.00934,0.49113,0.22022,-0.47196,-0.4412,-0.47915,2.00934,-0.44709,-0.47196,-0.42209,0.49113,2.00934,2.00934,-0.43981,-0.07702,0.25693,0.86334,1.37715,0.0987,0.2301,0.1192,1.63497,0.5109,0.0509,3.05902,2.452,0.2368,0.328173,0.403433,-0.482893,0.886326,0.1609,-0.0059,-0.119,76.00342434,94.50242266,64.08637719,82.40542303,63.01947447,94.50242266,63.01947447,31.48294819,72.71244875,79.29439993,88.45392285,63.55292583,73.24590011,78.76094857,6.581951174,24.90099702,5.515048453,90.34662691,62.21114424,50.82929556,74.91147969,89.89936638,75.20965337,65.96161014,98.65821841
ligand-281-p-o-88-int1,82,1,2,97,2.15,1.949,0.2834,1.18551,-1.03771,0.1612,2.2232,0.1973,-0.1715,-0.0898,-0.4064,-0.0807,0.1318,2.0086,-0.4442,-0.207,2.415,0.3635,0.3388,-0.46903,-0.44655,-0.20065,2.00863,0.49816,0.21893,-0.46903,-0.44524,-0.20065,2.00863,-0.44655,-0.46903,-0.37222,0.49816,2.00863,2.00863,-0.44083,-0.07527,0.2095,0.90211,1.32111,0.1234,0.3688,0.0817,1.59191,0.3257,0.2125,3.04631,2.4528,0.2372,-0.258978,0.542288,-0.433404,0.975692,0.2488,-0.1423,-0.0433,89.58255684,91.25512486,86.339918,91.89806187,88.83712262,91.89806187,86.339918,5.558143869,90.36759225,88.79752143,91.57659337,87.58852031,89.11898994,90.04612374,1.570070816,3.988073053,0.927133805,84.75587029,77.34345881,84.15952292,83.84271338,99.95341036,93.51472233,95.33637719,97.75437943
ligand-294-p-o-106-int1,81,1,4,97,2.166,1.951,0.31384,1.16798,-1.05178,0.1751,2.2198,0.2911,-0.117,-0.3023,-0.3891,0.1106,-0.0514,2.3318,-0.7083,-0.3293,2.7209,0.8189,0.2779,-0.46508,-0.80001,-0.48365,2.33184,0.37148,0.22704,-0.46508,-0.52496,-0.48365,2.33184,-0.80001,-0.39969,-0.24578,0.37148,2.33184,2.33184,-0.52496,-0.14422,0.25574,0.85414,1.36562,0.233,0.4081,0.1853,1.55708,0.4997,0.162,3.38358,3.0401,0.379,0.19158,0.298884,-0.447106,0.74599,0.1326,0.0271,-0.1859,80.64200522,94.8448565,83.9428811,84.94455833,58.83572493,94.8448565,58.83572493,36.00913157,71.89014163,89.3938688,89.89470742,71.38930302,84.44371972,76.84029072,17.50372717,18.5054044,7.603428997,90.2581066,77.50186359,53.6852404,74.18002236,95.7090943,63.98620947,90.38389862,99.43160641
ligand-3-p-p-2-int1,59,6,1,93,2.154,2.267,-0.01203,1.23734,1.08276,0.186,0.1546,-0.4831,-0.0732,0.0345,-0.4952,-0.0962,-0.015,-0.4709,-0.0976,-0.0167,0.0243,0.0014,0.0017,-0.70926,-0.40484,-0.19542,-0.35118,0.24224,0.23112,-0.70926,-0.40484,-0.70064,-0.70064,-0.40484,-0.70926,-0.38008,0.24086,0.23112,-0.35118,0.24224,0.23112,1.17213,1.24937,1.09479,1.6432,0.4099,0.1077,1.73254,0.399,0.0812,1.55366,0.3733,0.0809,-0.158521,0.353725,0.353758,3.30E-05,-0.0985,-0.0697,0.0354,81.2954249,73.96105106,71.93673127,91.68374953,87.60016772,91.68374953,71.93673127,19.74701826,89.64195863,72.94889117,82.8224003,79.7684495,81.8102404,80.78060939,16.69306746,3.053950801,1.02963101,65.60286992,64.46142378,78.1960492,84.43906075,98.92843832,97.00428625,79.41203876,82.3192322
ligand-305-p-o-117-int1,85,1,5,86,2.133,1.96,0.19578,1.63116,-0.93694,0.1706,2.5681,0.1012,-0.3093,0.0565,-0.6691,-0.0973,0.2528,2.4121,-0.722,-0.3084,3.0812,0.6247,0.5612,-0.79426,-0.95589,-0.20549,2.4121,0.15111,0.22385,-0.79426,-0.27529,-0.20549,2.4121,-0.95589,-0.42332,-0.42332,0.15111,2.4121,2.4121,-0.27529,-0.19354,0.15132,1.43538,1.13272,0.2459,0.4105,0.3658,2.30026,0.5718,0.3501,3.34904,3.1341,0.4136,-0.217232,0.488596,-0.40974,0.898336,0.2227,-0.1776,0.0288,89.43754659,94.86582184,90.96393962,86.8034849,85.11693999,94.86582184,85.11693999,9.748881849,85.96021245,92.91488073,90.83465337,88.04043981,88.88371226,89.99138092,6.954668282,2.794213567,1.107668654,91.55329855,84.31792769,81.68561312,74.76705181,98.839918,88.54826687,97.60995155,98.17834514
ligand-309-n-n-27-int1,82,4,3,84,1.932,2.029,0.47182,-0.42298,-0.43272,0.1314,0.0097,0.2099,-0.0455,-0.1758,0.2135,0.044,-0.1881,0.2063,0.0475,-0.1867,0.0072,0.0035,0.0014,0.09948,-0.12716,-0.23565,0.32618,-0.00352,0.04352,0.10088,-0.12716,-0.43272,0.09948,-0.12593,-0.42298,0.32618,0.31309,0.04352,0.31309,0.32618,0.04352,0.89972,0.8948,0.90454,0.6378,0.2554,0.1303,0.63648,0.1695,0.2321,0.63902,0.1588,0.2342,0.075651,-0.169751,0.116687,0.286438,-0.0161,-0.0949,0.0075,90.43689433,93.8012486,90.84979501,89.82715244,87.26938129,93.8012486,87.26938129,6.531867313,88.54826687,92.3255218,91.81420052,89.05958815,90.33847372,90.53531495,3.777254939,2.754612374,0.196841223,92.79724189,87.32761834,80.02702199,84.83041372,94.82389117,94.51174059,94.37197167,94.80525531
ligand-31-p-p-10-int1,52,6,1,89,2.153,2.269,-0.00239,1.24347,1.0777,0.1916,0.1658,-0.5799,-0.1839,0.2153,-0.5931,-0.2418,0.2764,-0.5667,-0.2469,0.287,0.0264,0.0051,0.0106,-0.74033,-0.60664,0.19647,-0.4859,0.24675,0.23133,-0.74033,-0.71589,0.19647,-0.71589,-0.74033,0.20181,-0.51499,0.24675,1.0777,-0.4859,0.24352,1.24347,1.16299,1.24586,1.08009,1.7405,0.396,0.3992,1.83657,0.3513,0.5182,1.6444,0.3198,0.5339,-0.151756,0.325204,0.396234,0.07103,-0.196,-0.0886,0.1241,82.5422801,80.48592993,78.12383526,89.53130824,82.02804696,89.53130824,78.12383526,11.40747298,85.7796776,79.30488259,85.00861908,80.07594111,83.82757175,81.25698845,6.474795006,4.932677972,2.570583302,69.11572866,62.15057771,75.81065971,79.91520686,99.14740962,88.24543422,94.09709281,91.8561312
ligand-310-p-o-119-int1,89,1,5,93,2.208,1.909,0.32379,1.14126,-0.92731,0.1873,2.0686,0.2784,-0.3192,-0.0527,-0.4389,-0.1559,0.1025,2.4303,-0.752,-0.3596,2.8692,0.5961,0.4621,-0.49915,-0.99055,-0.40007,2.43028,0.27284,0.22381,-0.49915,-0.40784,-0.40007,2.43028,-0.99055,-0.40007,-0.31908,0.27284,2.43028,2.43028,-0.31132,-0.31908,0.21679,0.81747,1.2511,0.1714,0.5976,0.2665,1.58016,0.283,0.2584,3.35761,3.1823,0.3924,0.210831,0.157822,-0.500201,0.658023,0.3009,-0.2327,0.0271,78.6497158,96.15635483,76.740123,86.88268729,54.8196981,96.15635483,54.8196981,41.33665673,70.85119269,86.44823891,91.51952106,65.77991055,81.81140514,75.48802646,15.59704622,25.73961051,6.323378681,94.21822587,67.11237421,52.17107715,77.25027954,96.51509504,57.46831905,86.36787179,98.09448379
ligand-312-p-o-121-int1,76,1,5,92,2.186,1.898,0.32392,1.15356,-0.93917,0.181,2.0927,0.2699,-0.3144,-0.0268,-0.4477,-0.1527,0.1263,2.4228,-0.7427,-0.1577,2.8705,0.59,0.284,-0.5299,-0.99321,-0.38919,2.42282,0.29195,0.2217,-0.5299,-0.40434,-0.38919,2.42282,-0.99321,-0.30416,-0.30416,0.29195,2.42282,2.42282,-0.30581,-0.0113,0.21672,0.82964,1.26309,0.1627,0.5843,0.2876,1.60126,0.295,0.279,3.36197,3.1655,0.585,0.289942,0.147852,-0.494687,0.642539,0.3699,-0.2686,0.048,79.36894335,96.82258666,81.60874022,83.93589266,55.10855386,96.82258666,55.10855386,41.7140328,69.52222326,89.21566344,90.37923966,68.35864704,82.77231644,75.96557026,19.69344018,22.02059262,6.80674618,94.59560194,76.77040626,51.74711144,76.87756243,90.99422288,58.46999627,86.44707417,99.04957138
ligand-315-n-n-29-int1,163,3,4,51,3.293,1.659,0.32392,-0.49225,-0.48648,0.1088,0.0058,0.2465,-0.2311,-0.0347,0.2535,-0.0874,-0.1565,0.2394,-0.0774,-0.1616,0.0141,0.01,0.0051,0.12577,-0.70446,-0.32578,0.37434,0.00755,0.26799,0.13258,-0.70446,-0.69455,0.12577,-0.69455,-0.70446,0.37434,0.35312,0.26799,0.35312,0.37434,0.25741,0.81332,0.81617,0.8104,0.7359,0.4776,0.1964,0.74575,0.3409,0.0691,0.72588,0.3168,0.0842,0.289942,-0.062514,-0.028841,0.033673,0.078,-0.1254,0.0374,92.87295006,95.5413716,89.29836004,90.28838986,96.36367872,96.36367872,89.29836004,7.065318673,93.32603429,92.41986582,92.91488073,92.83101938,89.79337495,95.95252516,0.906168468,0.083861349,6.159150205,96.80860977,91.43216549,99.13343272,92.77860604,87.79817369,93.59392471,87.1645546,94.27413343
ligand-32-p-p-11-int1,55,6,1,99,2.169,2.273,0.00544,1.20054,1.07415,0.1894,0.1264,-0.5736,-0.1965,0.2141,-0.5764,-0.2089,0.1524,-0.5708,-0.2069,0.1514,0.0056,0.002,0.001,-0.72216,-0.60496,0.19943,-0.49259,0.24334,0.2276,-0.72216,-0.59924,-0.71789,-0.71789,-0.60496,-0.72216,-0.50012,0.2383,0.2276,-0.49259,0.24334,0.22695,1.13186,1.1951,1.06871,1.7109,0.3771,0.4106,1.77694,0.3675,0.3613,1.64495,0.3639,0.3583,-0.203133,0.387451,0.398183,0.010732,-0.1994,-0.0989,0.1245,84.4204249,87.47670518,79.80106224,84.10827432,86.29565785,87.47670518,79.80106224,7.675642937,85.20196608,83.63888371,85.79248975,83.04836004,81.95466828,86.88618151,1.56308237,2.744129706,4.931513231,81.70424898,64.47074171,78.15411852,78.736489,89.48005963,94.43719717,95.13138278,93.24916139
ligand-339-n-n-47-int1,90,4,3,84,1.933,2.026,0.47222,-0.42385,-0.43435,0.1254,0.0105,0.2109,-0.0362,-0.1888,0.2143,0.0515,-0.1965,0.2076,0.0545,-0.1948,0.0067,0.003,0.0017,0.10067,-0.09964,-0.2352,0.3268,-0.00314,0.00359,0.10174,-0.09964,-0.43435,0.10067,-0.09925,-0.42385,0.3268,0.31458,0.00359,0.31458,0.3268,0.00359,0.90132,0.89607,0.90657,0.64,0.2471,0.1526,0.63815,0.1628,0.248,0.64195,0.1531,0.2493,0.086061,-0.154924,0.11219,0.267114,-0.0305,-0.065,-0.0277,90.47940738,89.85976519,87.09234066,93.88278047,91.0827432,93.88278047,87.09234066,6.790439806,92.48276183,88.47605293,91.87127283,89.08754193,90.48756057,90.47125419,4.006708908,2.783730898,0.016306373,84.93756988,79.71487141,87.68635855,92.92769288,94.83786806,94.47912784,94.46980991,94.78196049
ligand-349-p-o-128-int1,48,1,5,95,2.169,1.943,0.26687,1.2026,-0.93353,0.1707,2.1361,0.3379,-0.377,-0.0024,-0.3537,-0.1858,0.1988,2.4126,-0.7353,-0.2712,2.7663,0.5495,0.47,-0.36009,-0.95773,-0.19932,2.41259,-0.06358,0.25349,-0.36009,-0.30434,-0.19932,2.41259,-0.95773,-0.36009,-0.34533,-0.06358,2.41259,2.41259,-0.30434,-0.18233,0.13237,0.93573,1.2004,0.2034,0.7149,0.3746,1.5563,0.1679,0.3846,3.34613,3.1479,0.4641,0.071935,0.30149,-0.440131,0.741621,0.1783,-0.2284,0.0531,85.04647316,89.24711144,73.05255311,95.82090943,82.06531867,95.82090943,73.05255311,22.76835632,88.94311405,81.14983228,92.53401044,77.55893589,84.43673127,85.65621506,7.793281774,14.97507454,1.219483787,82.34718599,61.57286619,75.52180395,91.71170332,99.93011554,88.6088334,84.53224003,96.1470369
ligand-35-p-p-14-int1,62,14,10,89,2.152,2.252,0.0262,1.2421,1.09184,0.1903,0.1503,-0.5239,-0.143,0.1427,-0.5328,-0.1855,0.2058,-0.5151,-0.1858,0.2153,0.0177,0.0003,0.0095,-0.74927,-0.61069,-0.20499,-0.29756,0.25174,0.22852,-0.74927,-0.60823,-0.20287,-0.72557,-0.61069,-0.20499,-0.31882,0.24989,1.09184,-0.29756,0.25174,1.2421,1.1408,1.2159,1.06564,1.6909,0.3809,0.2857,1.7749,0.3473,0.3913,1.60694,0.3293,0.4011,-0.128651,0.231002,0.316329,0.085327,-0.0598,-0.0832,0.0724,80.61463381,84.65104361,69.15998882,82.27730153,86.37020127,86.37020127,69.15998882,17.21021245,84.3237514,76.90551621,83.46417257,77.76509504,75.71864517,85.51062244,7.418235184,5.699077525,9.791977264,71.66418189,52.72549385,77.37607156,74.65523668,89.89936638,95.36433097,85.59448379,97.63790533
ligand-350-p-o-129-int1,54,1,6,85,2.153,1.963,0.2291,1.20451,-0.93085,0.1661,2.1354,0.3428,-0.377,0.0216,-0.3469,-0.1847,0.2018,2.4118,-0.7367,-0.0884,2.7587,0.552,0.2902,-0.36606,-0.9719,-0.19916,2.41178,-0.07129,0.27221,-0.36606,-0.30204,-0.19916,2.41178,-0.9719,-0.33725,-0.33725,-0.07129,2.41178,2.41178,-0.30204,0.24927,0.0923,0.97541,1.15995,0.206,0.7198,0.3986,1.55141,0.1622,0.3865,3.34265,3.1485,0.6483,0.037071,0.395956,-0.452542,0.848498,0.1835,-0.2129,0.0554,81.03801714,79.6519754,62.78419679,93.58693627,88.12896012,93.58693627,62.78419679,30.80273947,90.85794819,71.2180861,86.61945583,75.45657846,78.18556653,83.89046776,19.63986209,11.16287738,5.70490123,63.16157287,55.05031681,78.80637346,87.83078643,99.3430861,97.45154678,70.51807678,96.14237794
ligand-38-p-o-2-int1,39,1,5,96,2.152,1.928,0.30263,1.19751,-0.93206,0.1803,2.1296,0.3142,-0.2593,-0.1568,-0.3871,-0.0233,0.0577,2.4181,-0.7449,-0.2582,2.8052,0.7216,0.3159,-0.41778,-0.9861,-0.47979,2.41808,0.36129,0.22127,-0.41778,-0.30006,-0.47979,2.41808,-0.9861,-0.33497,-0.33497,0.36129,2.41808,2.41808,-0.30006,-0.18152,0.16993,0.89488,1.23469,0.1815,0.5735,0.1025,1.58461,0.3638,0.081,3.35016,3.163,0.4867,0.286348,0.390818,-0.490099,0.880917,0.2138,-0.1477,-0.0879,81.11605479,96.53606038,81.35482669,88.97922102,57.59411107,96.53606038,57.59411107,38.94194931,73.28666605,88.94544353,92.7576407,69.47446888,85.16702385,77.06508572,15.65877749,23.28317182,8.101938129,93.41688408,74.53876258,50.73145732,78.77841968,99.18002236,64.45676482,88.17089079,99.65523668
ligand-407-p-o-138-int1,63,1,5,93,2.213,1.9,0.31611,1.16602,-0.94662,0.1791,2.1126,0.3232,-0.2575,-0.1568,-0.375,-0.0262,0.0578,2.4178,-0.7374,-0.2592,2.7928,0.7112,0.317,-0.4056,-0.95863,-0.48561,2.41783,0.32619,0.22675,-0.4056,-0.30957,-0.48561,2.41783,-0.95863,-0.33169,-0.33169,0.32619,2.41783,2.41783,-0.30957,-0.18673,0.20641,0.84991,1.26273,0.2135,0.5807,0.1007,1.54102,0.3488,0.084,3.36442,3.1552,0.4782,0.188857,0.393458,-0.469401,0.862859,0.2316,-0.1625,-0.0817,81.67105386,77.17340663,61.5588893,97.55404398,90.39787551,97.55404398,61.5588893,35.99515468,93.97595975,69.36614797,87.36372531,75.97838241,79.55646664,83.78564107,24.60981178,11.3853429,4.229174432,68.11405143,40.6960492,95.09411107,95.41557958,99.69250839,85.70163996,82.42172941,86.23276183
ligand-408-p-o-139-int1,77,1,5,96,2.196,1.945,0.33522,1.1633,-0.95914,0.1775,2.1224,0.3209,-0.2593,-0.1575,-0.3778,-0.0277,0.0571,2.4172,-0.7402,-0.2612,2.795,0.7125,0.3183,-0.4111,-0.96034,-0.48437,2.41723,0.32547,0.22913,-0.4111,-0.31247,-0.48437,2.41723,-0.96034,-0.33233,-0.33233,0.32547,2.41723,2.41723,-0.31247,-0.19012,0.23312,0.82808,1.29436,0.2188,0.5802,0.1018,1.5411,0.3501,0.0848,3.37634,3.1574,0.479,0.300159,0.326321,-0.475852,0.802173,0.2734,-0.1889,-0.0792,82.91441483,76.08786806,66.53932165,95.7859672,93.24450242,95.7859672,66.53932165,29.24664555,94.51523481,71.31359486,85.93691763,79.89191204,81.16264443,84.66618524,23.20163996,6.045005591,3.503540813,65.33265002,51.9194931,93.24450242,91.74897503,99.82295937,93.24450242,81.1591502,86.8430861
ligand-409-p-o-140-int1,85,1,5,95,2.208,1.936,0.30944,1.17407,-0.94628,0.177,2.1204,0.3187,-0.2556,-0.1582,-0.3803,-0.0228,0.0563,2.4156,-0.7383,-0.2608,2.7959,0.7155,0.3171,-0.40896,-0.96239,-0.48814,2.41565,0.33092,0.22888,-0.40896,-0.30644,-0.48814,2.41565,-0.96239,-0.33491,-0.33491,0.33092,2.41565,2.41565,-0.30644,-0.18672,0.19554,0.86463,1.25572,0.2048,0.5743,0.0974,1.55437,0.3575,0.0791,3.36188,3.1539,0.4775,0.187642,0.383781,-0.448203,0.831984,0.2316,-0.1564,-0.0832,82.40542303,77.97008945,67.60389489,96.90644801,87.14125978,96.90644801,67.60389489,29.30255311,92.02385389,72.78699217,87.43826873,77.37257734,82.25517145,82.55567462,19.23686172,10.06569139,0.300503168,68.00689527,51.55143496,91.51136787,94.23686172,99.57603429,82.7711517,83.65635483,87.93328364
ligand-41-p-o-5-int1,59,1,5,95,2.16,1.946,0.28949,1.19421,-0.94532,0.1738,2.1395,0.3425,-0.3698,-0.0414,-0.3475,-0.175,0.1631,2.4127,-0.739,-0.2616,2.7602,0.564,0.4247,-0.36551,-0.95645,-0.20752,2.41269,0.01473,0.23874,-0.36551,-0.30861,-0.20752,2.41269,-0.95645,-0.33052,-0.33052,0.01473,2.41269,2.41269,-0.30861,-0.19272,0.16509,0.90472,1.23481,0.2181,0.7123,0.3284,1.54171,0.1725,0.3381,3.35802,3.1517,0.4774,-0.128198,0.390565,-0.426139,0.816704,0.273,-0.2564,0.0122,86.8844344,83.7891353,72.91045471,98.02692881,92.81121878,98.02692881,72.91045471,25.1164741,95.4190738,78.34979501,90.90803205,82.86083675,85.46869176,88.30017704,17.06927879,8.047195304,2.831485278,73.38333955,51.78438315,90.18356318,96.19362654,99.86023108,95.43887439,94.03652628,94.19493105
ligand-410-p-p-30-int1,56,1,15,89,2.156,2.249,-0.0014,1.23127,1.09522,0.1906,0.1361,-0.4515,-0.3057,0.1882,-0.4597,-0.3108,0.2218,-0.4432,-0.3119,0.2292,0.0165,0.0011,0.0074,-0.51054,-0.60576,-0.17148,-0.34216,0.23026,0.22916,-0.51054,-0.60576,-0.18901,-0.49403,-0.60429,-0.19224,-0.35905,0.22651,1.09522,-0.34216,0.23026,1.23127,1.1646,1.23267,1.09662,1.6147,0.1458,0.4939,1.69097,0.1489,0.5326,1.53842,0.1313,0.5411,-0.140524,0.359516,0.446,0.086484,-0.0809,-0.1926,0.1153,82.93770965,83.20210585,80.01770406,88.11498323,80.41604547,88.11498323,80.01770406,8.097279165,84.26551435,81.60990496,85.65854454,80.21687477,84.06634365,81.80907566,2.655609392,5.441669773,2.257267984,72.0741707,62.38818487,69.20890794,77.90253448,98.32743198,91.623183,97.64722326,94.330041
ligand-42-p-p-16-int1,72,11,10,89,2.18,2.292,0.07396,1.21012,1.06353,0.1743,0.1466,-0.5127,0.1363,-0.1963,-0.5253,0.0175,-0.0024,-0.5,0.0115,0.012,0.0253,0.006,0.0144,-0.72078,-0.16675,-0.47712,-0.38647,0.33245,0.21809,-0.72078,-0.71193,-0.47657,-0.71193,-0.72078,-0.47712,-0.42613,0.33245,1.06353,-0.38647,0.32665,1.21012,1.06284,1.13616,0.98957,1.6495,0.649,0.3326,1.73542,0.5428,0.0199,1.56353,0.5115,0.0005,0.07247,0.507652,0.449125,0.058527,-0.2122,0.1327,-0.1493,83.87357902,94.47912784,95.99795006,76.51649273,68.50074543,95.99795006,68.50074543,27.49720462,72.50861908,95.23853895,85.49781029,82.24934775,86.25722139,81.48993664,22.72991987,3.248462542,4.767284756,89.99720462,96.00260902,61.82910921,68.26779724,84.76518822,75.17238166,95.99329109,98.96105106
ligand-43-p-p-17-int1,75,6,1,91,2.156,2.285,0.06633,1.19638,1.0655,0.1778,0.1309,-0.5067,0.0936,-0.15,-0.5138,0.0597,-0.1679,-0.4996,0.0583,-0.1648,0.0142,0.0014,0.0031,-0.70271,-0.39012,-0.48795,-0.39293,0.32911,0.22297,-0.70271,-0.39012,-0.69827,-0.69827,-0.39012,-0.70271,-0.41819,0.32567,0.22297,-0.39293,0.32911,0.22297,1.06457,1.13005,0.99917,1.6376,0.6003,0.2436,1.71018,0.5735,0.2276,1.5651,0.5579,0.2231,-0.34524,0.645542,0.747978,0.102436,-0.2201,0.0906,-0.1124,91.81653,96.00260902,95.16399553,86.04174432,90.05777115,96.00260902,86.04174432,9.960864704,88.04975773,95.58330227,91.02217667,92.61088334,90.60286992,93.03019009,7.53354454,1.588706672,2.427320164,93.03950801,91.54863958,84.15486396,80.14815505,91.93533358,95.96067835,98.77935147,98.96571003
ligand-431-p-c-29-int1,66,31,8,83,2.126,1.945,0.07124,1.23619,0.26006,0.1924,0.9761,-0.4061,-0.029,0.0532,-0.4302,-0.0904,0.0295,-0.37,-0.1259,0.3211,0.0602,0.0355,0.2916,-0.50576,-0.19563,-0.19336,-0.36885,0.23957,0.24333,-0.50576,-0.36885,-0.19336,-0.3711,-0.50576,0.01935,-0.37612,0.23957,0.26006,-0.36885,0.11752,1.23619,0.67686,1.16495,0.18882,1.1542,0.3771,0.0822,1.66639,0.3398,0.1199,0.63006,0.2441,0.447,0.207378,0.386615,-0.052374,0.438989,-0.0773,-0.0279,0.0401,82.03794726,76.16939993,66.09904957,89.00018636,96.88315319,96.88315319,66.09904957,30.78410362,92.94166977,71.13422475,82.58479314,81.49110138,77.54961796,86.52627656,21.80744502,1.093691763,8.976658591,68.2212076,60.9019754,95.96999627,81.78345136,96.21692136,97.7963101,71.29612374,84.11759225
ligand-432-p-c-30-int1,76,14,40,99,2.173,1.958,0.11635,1.19895,0.25507,0.191,0.9439,-0.3667,-0.1196,0.0548,-0.3674,-0.1633,-0.0219,-0.3656,-0.054,0.1352,0.0018,0.1093,0.1571,-0.3829,-0.21916,-0.19627,-0.34807,0.12338,0.23948,-0.3829,-0.19898,-0.21916,-0.37788,-0.21916,-0.02915,-0.34807,-0.02915,0.22638,-0.35329,0.12338,0.23948,0.61065,1.0826,0.13872,1.0937,0.2471,0.1744,1.56635,0.2041,0.1414,0.62067,0.3116,0.1892,0.140187,0.392304,-0.045622,0.437926,-0.0336,-0.1126,0.0556,84.04770779,88.08469996,72.1650205,87.49301155,88.44809914,88.44809914,72.1650205,16.28307864,87.97055535,80.12486023,87.78885576,80.30655982,79.82901603,88.26639955,7.845695117,7.482295937,8.437383526,81.40141633,67.98825941,86.73592993,83.61442415,91.37159896,90.16026836,76.34178159,94.7679836
ligand-44-p-p-18-int1,86,1,6,100,2.187,2.347,0.07758,1.22561,1.04698,0.1824,0.1786,-0.5807,-0.1172,0.0357,-0.5894,-0.1194,0.0086,-0.5719,-0.1151,0.0053,0.0175,0.0043,0.0033,-0.73302,-0.40375,-0.38557,-0.50326,0.23765,0.22379,-0.73302,-0.40375,-0.38718,-0.70253,-0.39555,-0.40375,-0.5105,0.23765,0.22378,-0.50326,0.2367,0.22379,1.05872,1.14803,0.9694,1.717,0.4635,0.1529,1.81501,0.47,0.128,1.61888,0.4568,0.1204,-0.267308,0.356319,0.490955,0.134636,-0.1338,-0.1027,0.0371,81.17545658,91.60920611,82.02105852,77.35976519,73.7117965,91.60920611,73.7117965,17.89740962,75.53578084,86.81513231,84.48448565,77.86642751,79.69041185,82.6605013,11.27935147,6.618058144,2.970089452,88.23611629,74.32910921,65.76127469,65.00652255,89.71300783,81.6623183,89.71300783,94.98229594
ligand-464-p-o-161-int1,58,1,2,88,2.155,1.972,0.29762,1.39082,-1.05062,0.1494,2.4414,0.0703,-0.2011,-0.093,-0.6371,0.2877,-0.2031,2.1925,-0.6786,0.1292,2.8296,0.9663,0.3323,-1.0942,-0.47233,-0.2083,2.19249,0.03914,0.22465,-1.0942,-0.18346,-1.05062,2.19249,-1.0942,-0.16624,-0.40643,2.19249,0.22465,2.19249,-0.46918,1.39082,0.12752,1.0932,1.34824,0.0998,0.2714,0.1081,2.02792,0.9248,0.4908,3.24312,2.8711,0.8078,-0.124971,0.358293,-0.431975,0.790268,0.2622,-0.106,-0.1263,85.82044353,83.45601938,72.71710772,97.41893403,89.68971301,97.41893403,72.71710772,24.70182631,93.55432352,78.08656355,90.43747671,81.20341036,85.06802087,86.57286619,15.46775997,9.234066344,1.504845322,78.99273202,60.83209094,85.86936265,96.11908312,98.71878494,93.51006336,84.60212449,87.91930675
ligand-466-p-o-163-int1,65,1,2,89,2.138,1.963,0.29377,1.40077,-1.04162,0.1516,2.4424,0.0472,-0.0728,-0.2181,-0.6689,0.4338,-0.3419,2.1954,-0.6682,0.1252,2.8643,1.102,0.4671,-1.08768,-0.46139,-0.47822,2.19538,0.33956,0.22225,-1.08768,-0.16116,-1.04162,2.19538,-1.08768,-0.18361,-0.45511,2.19538,0.22225,2.19538,-0.45545,1.40077,0.11417,1.107,1.33539,0.1324,0.12,0.1453,2.06967,1.1027,0.7757,3.23702,2.8636,0.7934,0.204061,0.328293,-0.504675,0.832968,0.2621,-0.0312,-0.2125,78.41793235,85.81112561,67.81121878,90.20918748,69.84019754,90.20918748,67.81121878,22.39796869,80.02469251,76.8111722,88.01015654,68.82570816,79.01020313,77.82566157,3.213520313,19.18444838,1.184541558,74.89284383,61.22810287,59.12691018,81.52720835,98.8911666,80.5534849,74.3943347,96.72940738
ligand-467-p-o-164-int1,65,1,2,90,2.145,1.963,0.29111,1.39824,-1.04221,0.1551,2.4405,0.0332,0.0866,-0.306,-0.6882,0.6194,-0.4267,2.1974,-0.6659,0.1263,2.8856,1.2853,0.553,-1.08526,-0.45957,-0.48384,2.19742,0.38214,-0.16405,-1.08526,0.05122,-1.04221,2.19742,-1.08526,-0.18489,-0.48533,2.19742,-0.17555,2.19742,-0.45295,1.39824,0.11311,1.10713,1.33332,0.1448,0.0534,0.3926,2.08644,1.3076,1.0461,3.23961,2.8633,0.7922,0.153516,0.321514,-0.502424,0.823938,0.2638,0.1179,-0.2706,79.16686079,85.24273202,67.73900485,91.31103243,72.37467387,91.31103243,67.73900485,23.57202758,81.84285315,76.49086843,88.27688222,70.05683936,79.52501864,78.80870294,5.351984719,18.22004286,0.716315691,75.75009318,62.53727171,61.96421916,83.14852777,99.47353709,82.78512859,72.94073798,94.73537085
ligand-468-p-o-165-int1,55,1,30,87,2.15,1.917,0.29991,1.19506,-0.66521,0.1524,1.8603,-0.1939,-0.1415,-0.0548,-0.3985,-0.0454,-0.1004,0.42,-0.3296,0.1948,0.8185,0.2842,0.2952,-0.50262,-0.19907,-0.28717,0.42004,0.02329,0.22713,-0.50262,-0.19907,-0.66521,0.42004,-0.50262,-0.14079,-0.33909,0.42004,0.22713,0.42004,-0.15664,1.19506,0.03501,0.89515,0.96512,0.4588,0.0524,0.0867,1.59356,0.3531,0.055,1.08521,0.7496,0.5244,0.032138,0.369118,-0.527836,0.896954,0.0884,-0.1314,-0.0248,82.16082743,81.07062989,61.85939247,96.05385762,89.65942974,96.05385762,61.85939247,34.19446515,92.85664368,71.46501118,88.56224376,75.75941111,78.95662505,85.36502982,21.3916325,12.80283265,6.408404771,76.46757361,57.98080507,86.14424152,92.84383153,99.26388371,93.17461796,65.73797987,85.67368617
ligand-469-p-o-166-int1,102,1,30,17,5.245,2.719,0.29991,1.1929,-0.68101,0.1528,1.8739,-0.1888,-0.1422,-0.0434,-0.3913,-0.0464,-0.0992,0.4185,-0.3173,0.2196,0.8098,0.2709,0.3188,-0.47836,-0.18902,-0.27543,0.41848,0.0137,0.22488,-0.47836,-0.18902,-0.68101,0.41848,-0.47836,-0.14723,-0.33853,0.41848,0.22488,0.41848,-0.15617,1.1929,0.04401,0.89299,0.98092,0.4447,0.0466,0.0988,1.5842,0.3449,0.0528,1.09951,0.7358,0.5369,0.032138,0.418038,-0.561089,0.979127,0.0321,-0.1213,0.0096,81.77296869,79.77077898,58.08563176,96.97866195,92.25680209,96.97866195,58.08563176,38.89303019,94.61773202,68.92820537,88.37472046,75.17121692,77.53214685,86.01379053,25.68952665,13.20350354,8.481643682,73.93775624,55.49291837,89.98788669,94.58162505,99.37569884,94.52571748,60.67834514,85.60380171
ligand-47-p-p-21-int1,75,6,1,93,2.152,2.266,-0.01017,1.23855,1.08648,0.175,0.1521,-0.4654,-0.0998,0.1553,-0.4772,-0.1209,0.0836,-0.4537,-0.1225,0.0824,0.0235,0.0016,0.0012,-0.70928,-0.40599,-0.16623,-0.32417,0.24231,0.32128,-0.70928,-0.40599,-0.70224,-0.70224,-0.40599,-0.70928,-0.35396,0.24059,0.31877,-0.32417,0.24231,0.32128,1.17267,1.24872,1.09665,1.6279,0.3656,0.2551,1.71575,0.3563,0.2045,1.54018,0.3312,0.2049,-0.155388,0.374569,0.343767,0.030802,-0.0788,-0.1104,0.1512,81.56215058,73.4788483,71.43123369,92.2684495,89.07007082,92.2684495,71.43123369,20.8372158,90.66926016,72.455041,82.8736489,80.25065225,81.8498416,81.27445956,18.21421916,2.622996646,0.575382035,64.60119269,63.5948565,80.12020127,85.57584793,98.96105106,98.01994037,79.26761088,82.35650391
ligand-471-p-o-168-int1,15,1,10,87,2.141,1.89,0.28917,1.22702,-0.68797,0.1461,1.915,-0.286,-0.1732,-0.0136,-0.5128,-0.114,-0.0471,0.3944,-0.2956,0.2044,0.9072,0.1816,0.2515,-0.51594,-0.40118,-0.38815,0.39436,0.23177,0.22797,-0.51594,-0.40118,-0.68797,0.39436,-0.51202,-0.17685,-0.51038,0.39436,0.22797,0.39436,-0.07927,1.22702,0.01967,0.93785,0.97714,0.5555,0.1128,0.1596,1.73982,0.3988,0.0669,1.08237,0.69,0.5,0.296865,0.292822,-0.623313,0.916135,0.0969,-0.1861,0.0223,69.45583302,77.6160082,56.65532985,82.19344018,61.35855386,82.19344018,56.65532985,25.53811032,71.77599702,67.13566903,79.90472419,59.00694186,69.42438502,69.48728103,4.640327991,20.89778233,0.062896012,72.19530376,50.83861349,61.69865822,77.80003727,86.58684309,61.0184495,62.47204622,83.03671264
ligand-472-p-o-169-int1,62,1,27,87,2.143,1.925,0.29752,1.20302,-0.67407,0.1453,1.8771,-0.1985,-0.1408,-0.0441,-0.4105,-0.0461,-0.0952,0.4374,-0.3363,0.2136,0.8479,0.2902,0.3088,-0.54211,-0.19289,-0.25617,0.43738,0.01028,0.2268,-0.54211,-0.19289,-0.67407,0.43738,-0.54211,-0.16322,-0.33814,0.43738,0.2268,0.43738,-0.13057,1.20302,0.03302,0.9055,0.97159,0.463,0.0577,0.0967,1.61352,0.3644,0.0491,1.11147,0.7737,0.5499,0.069803,0.359923,-0.5421,0.902023,0.0578,-0.1179,-0.017,80.65481737,81.52953783,58.39545285,97.25121133,85.44306746,97.25121133,58.39545285,38.85575848,91.3471394,69.96249534,89.39037458,71.91926016,77.82333209,83.48630265,21.38464406,17.47111442,5.662970555,74.30581439,57.51956765,81.69027208,95.13138278,99.37103988,89.19586284,59.27133805,88.75326127
ligand-473-p-o-170-int1,47,1,5,96,2.164,1.925,0.29629,1.21173,-0.929,0.1856,2.1407,0.2903,-0.3672,-0.0077,-0.4173,-0.1974,0.1652,2.4131,-0.7413,-0.2701,2.8304,0.5439,0.4353,-0.53284,-0.98069,-0.38553,2.41312,0.27761,0.22081,-0.53284,-0.39465,-0.38553,2.41312,-0.98069,-0.35686,-0.35686,0.27761,2.41312,2.41312,-0.30075,-0.18341,0.15489,0.91544,1.22529,0.1489,0.6575,0.3595,1.62903,0.2199,0.3626,3.3421,3.1544,0.4712,0.353667,0.166025,-0.497964,0.663989,0.2801,-0.2538,0.0227,74.10547894,86.93160641,72.26518822,83.16483414,54.06028699,86.93160641,54.06028699,32.87131942,68.61256057,79.59839732,85.04822028,63.16273761,77.71501118,70.4959467,10.98583675,21.88548267,7.21906448,80.17610883,59.63007827,51.160082,74.97670518,91.3529631,56.96049199,84.90029817,93.68710399
ligand-474-p-c-32-int1,69,4,17,85,2.131,1.951,0.07651,1.21883,0.23644,0.1587,0.9824,-0.3162,-0.1,0.0203,-0.2916,-0.2173,0.04,-0.3531,0.0083,0.1899,0.0615,0.2256,0.1499,-0.40285,-0.20479,-0.19109,-0.11065,0.11808,0.24195,-0.40285,-0.35999,-0.19109,-0.35999,-0.11065,-0.20479,-0.11065,-0.17049,0.23741,-0.34628,0.11808,1.21883,0.65109,1.14232,0.15993,1.0438,0.2162,0.1203,1.51043,0.0743,0.2573,0.58954,0.3614,0.1816,0.167736,0.343512,-0.038065,0.381577,-0.0088,-0.1018,0.0339,83.56201081,76.49552739,72.30944838,89.47307119,95.96999627,95.96999627,72.30944838,23.66054789,92.72153373,74.40248789,82.98429929,84.13972233,80.89125978,86.23276183,18.31904584,1.155423034,5.34150205,69.31140514,69.19493105,96.50577712,83.07398435,95.87215803,95.43421543,75.42396571,83.67964965
ligand-475-p-c-33-int1,109,4,17,67,2.922,1.728,0.07651,1.21027,0.23615,0.1523,0.9741,-0.3229,-0.096,0.0213,-0.2947,-0.2158,0.0384,-0.365,0.0131,0.1935,0.0703,0.2289,0.1551,-0.3977,-0.21031,-0.19867,-0.10559,0.11316,0.2412,-0.3977,-0.36874,-0.19867,-0.36874,-0.10559,-0.21031,-0.10559,-0.17235,0.23615,-0.36133,0.11316,1.21027,0.64669,1.13376,0.15964,1.0461,0.2269,0.1173,1.50497,0.0789,0.2542,0.60115,0.3781,0.1804,0.167736,0.468472,-0.017628,0.4861,0.0205,-0.1014,0.0038,92.20671823,86.31196422,96.4685054,91.56494596,94.48145732,96.4685054,86.31196422,10.15654119,93.02320164,91.39023481,88.93845509,95.47498136,94.01672568,90.39671077,1.632966828,6.536526277,3.620014909,80.47428252,95.93272456,95.28512859,84.9608647,98.16902721,93.67778606,97.00428625,92.14964592
ligand-476-p-p-31-int1,77,18,19,107,2.249,2.404,0.13627,1.15981,1.02195,0.154,0.1379,-0.3187,-0.4284,0.1606,-0.3291,-0.4295,0.161,-0.3082,-0.4274,0.1602,0.0209,0.0021,0.0008,-0.35418,-0.60583,-0.16092,-0.29036,-0.16706,0.23989,-0.35418,-0.60501,-0.16092,-0.32601,-0.60583,-0.15618,-0.30409,-0.1684,0.23989,-0.29036,-0.16706,0.23655,0.95463,1.02354,0.88568,1.4096,0.1097,0.589,1.48891,0.1004,0.5905,1.33015,0.1192,0.5876,-0.450778,0.314833,0.309759,0.005074,0.2826,-0.3881,0.0922,88.42247484,88.45042862,85.2706858,91.29705553,88.67172941,91.29705553,85.2706858,6.026369735,89.98439247,86.86055721,89.87374208,86.9712076,88.28387067,88.56107902,3.123835259,2.902534476,0.277208349,88.43179277,74.62262393,86.13958256,85.18915393,97.40495714,91.20387626,95.91874767,88.46906448
ligand-477-p-p-32-int1,25,18,19,103,2.193,2.301,0.05907,1.22928,1.10757,0.1578,0.1217,-0.4478,-0.1804,0.0156,-0.4499,-0.1827,0.0147,-0.4456,-0.178,0.0164,0.0043,0.0047,0.0017,-0.51441,-0.40044,-0.38639,-0.32994,0.22922,0.2399,-0.51441,-0.40044,-0.38639,-0.50918,-0.39337,-0.38367,-0.33189,0.22762,0.23735,-0.32994,0.22922,0.2399,1.10933,1.17021,1.0485,1.6162,0.2674,0.196,1.67918,0.2672,0.1974,1.55317,0.2676,0.1944,-0.251886,0.377295,0.353204,0.024091,0.0911,-0.2178,0.0224,85.13382874,88.9559262,78.99739098,89.09103615,83.49096161,89.09103615,78.99739098,10.09364517,86.29099888,83.97665859,89.02348118,81.2441763,84.04421357,86.22344391,2.314340291,7.779304883,2.179230339,87.92862467,59.23406634,81.40607529,85.17051808,93.01155423,85.57584793,98.76071562,89.98322773
ligand-478-p-p-33-int1,69,39,18,98,2.18,2.335,0.02634,1.25307,1.09663,0.1636,0.1564,-0.3567,-0.1793,0.0231,-0.3708,-0.177,0.0227,-0.3426,-0.1817,0.0236,0.0282,0.0047,0.0009,-0.37656,-0.19819,-0.20233,-0.32837,-0.15296,0.2496,-0.37656,-0.19489,-0.19981,-0.35745,-0.19819,-0.20233,-0.35945,-0.15296,0.24341,-0.32837,-0.15606,0.2496,1.14846,1.22673,1.07029,1.5315,0.1774,0.2024,1.62387,0.1938,0.1997,1.43923,0.1609,0.2053,-0.439368,0.542924,0.523893,0.019031,0.0183,-0.2104,0.028,83.6313129,84.50894521,88.0031681,78.65262766,83.36051062,88.0031681,78.65262766,9.35054044,81.00656914,86.25605665,81.58078643,85.68183936,83.32789788,83.93472792,5.249487514,4.101052926,0.606830041,76.17871785,82.78512859,72.46552367,61.99217294,95.31308237,94.25549758,93.2212076,92.83917257
ligand-479-p-p-34-int1,82,1,36,96,2.168,2.283,0.02705,1.23139,1.08366,0.1504,0.1477,-0.3619,-0.1587,0.0096,-0.3732,-0.1578,0.009,-0.3506,-0.1595,0.0082,0.0226,0.0017,0.0008,-0.39208,-0.21053,-0.20605,-0.33226,0.00316,0.22505,-0.39208,-0.20896,-0.19725,-0.37321,-0.21053,-0.20605,-0.35617,0.00316,0.22505,-0.33226,-0.00749,0.22445,1.13045,1.20434,1.05661,1.5194,0.2032,0.1683,1.60459,0.2154,0.1668,1.43426,0.1911,0.1677,-0.311073,0.431633,0.631686,0.200053,0.0417,-0.1524,0.0156,83.51833302,77.21300783,78.15178904,92.78792397,85.92061126,92.78792397,77.21300783,15.57491614,89.35426761,77.68239843,85.0004659,82.03620015,85.4698565,81.56680954,11.67186918,2.964265747,3.903046962,67.43850168,61.56354827,83.52590384,86.74058889,98.83525904,88.31531867,94.74002982,86.98751398
ligand-48-p-p-22-int1,75,1,6,96,2.152,2.256,-0.02728,1.2415,1.10081,0.1718,0.1407,-0.5113,-0.058,-0.0001,-0.5182,-0.083,-0.0435,-0.5043,-0.0825,-0.0448,0.0139,0.0005,0.0013,-0.70303,-0.40354,-0.30062,-0.40347,0.24148,0.2274,-0.70303,-0.40354,-0.70146,-0.70146,-0.40354,-0.70303,-0.42428,0.24148,0.2274,-0.40347,0.23778,0.2274,1.19848,1.26878,1.12809,1.6825,0.4533,0.0579,1.7597,0.4352,0.0395,1.60511,0.4218,0.0377,-0.095603,0.435943,0.308096,0.127847,-0.1121,-0.0744,-0.022,82.56499255,89.01649273,85.45704435,79.26994037,76.51649273,89.01649273,76.51649273,12.5,77.89321655,87.23676854,84.14321655,80.98676854,82.36349236,82.76649273,9.343551994,3.156448006,0.403000373,81.51323146,73.39731644,72.47950056,76.57472978,81.96515095,80.5534849,97.51677227,96.51975401
ligand-480-p-p-35-int1,61,18,19,105,2.208,2.322,0.0639,1.20384,1.08358,0.1603,0.1203,-0.4216,-0.3133,0.1447,-0.4276,-0.3838,0.1452,-0.4155,-0.2569,0.1441,0.0121,0.1269,0.0011,-0.50662,-0.60051,-0.15836,-0.33844,0.23378,0.24074,-0.50662,-0.60051,-0.15836,-0.49265,-0.59953,-0.15392,-0.34867,-0.16562,0.24074,-0.33844,0.23378,0.23816,1.0798,1.13994,1.01968,1.5653,0.1083,0.458,1.63144,0.0438,0.529,1.49908,0.1586,0.401,-0.245611,0.289842,0.323268,0.033426,0.1316,-0.2982,0.0792,83.18114051,74.61796496,80.90290719,88.6857063,88.5179836,88.6857063,74.61796496,14.06774133,88.60184495,77.76043608,81.65183563,84.7104454,84.79430675,81.56797428,10.84140887,3.058609765,3.226332464,67.69474469,65.91967946,85.54323518,80.19940365,97.17200895,91.49273202,95.88613492,81.54118524
ligand-481-p-p-36-int1,78,51,11,107,2.237,2.387,0.10214,1.16255,1.0457,0.1603,0.1168,-0.3632,-0.1079,-0.0148,-0.3723,-0.1053,-0.0337,-0.354,-0.1105,-0.0347,0.0183,0.0052,0.001,-0.3968,-0.20763,-0.48223,-0.32775,0.31074,0.2279,-0.3968,-0.20763,-0.48223,-0.38366,-0.20667,-0.48223,-0.35975,0.31074,0.2279,-0.32775,0.30275,0.22475,1.00196,1.06041,0.94356,1.4673,0.2553,0.0931,1.53485,0.267,0.0716,1.3997,0.2435,0.0758,-0.309431,0.522626,0.550883,0.028257,-0.0738,-0.102,-0.0062,81.38743943,84.86535594,90.69837868,75.28885576,74.69716735,90.69837868,74.69716735,16.00121133,74.99301155,87.78186731,80.07710585,82.69777302,82.99361722,79.78126165,12.78885576,2.620667164,3.212355572,70.42023854,85.13790533,72.61926947,74.09616101,76.4815505,76.77506523,96.25885203,99.31047335
ligand-482-p-p-37-int1,60,15,1,86,2.147,2.248,-0.00321,1.24304,1.09381,0.1791,0.1492,-0.3632,-0.1851,0.0155,-0.3754,-0.2074,0.0889,-0.351,-0.2134,0.101,0.0244,0.006,0.0121,-0.39177,-0.19676,-0.19365,-0.32637,-0.16974,0.22537,-0.39177,-0.32637,-0.19365,-0.37185,-0.34756,-0.19279,-0.34756,-0.16974,1.09381,-0.32637,-0.17273,1.24304,1.17161,1.24625,1.09702,1.5316,0.1781,0.2006,1.61844,0.168,0.2963,1.44481,0.1376,0.3144,-0.039637,0.374756,0.424563,0.049807,-0.0356,-0.1636,0.0289,79.72593645,75.7990123,70.98164368,90.30702572,81.81606411,90.30702572,70.98164368,19.32538204,86.06154491,73.39032799,83.05301901,76.39885389,80.6443347,78.8075382,12.67121692,6.654165114,1.836796496,67.47577339,60.68766306,68.5054044,81.9465151,98.66753634,95.12672382,81.2756243,84.12225121
ligand-486-p-p-41-int1,56,15,1,89,2.162,2.245,-0.01793,1.23921,1.09623,0.1942,0.143,-0.4613,-0.3026,0.1888,-0.3977,-0.4144,0.2211,-0.5248,-0.2035,0.2341,0.1271,0.2109,0.013,-0.94325,-0.61388,-0.17282,-0.28648,0.25218,0.22799,-0.52158,-0.6085,-0.18421,-0.94325,-0.61388,-0.193,-0.30867,0.23158,1.09623,-0.28648,0.25218,1.23921,1.18563,1.25714,1.11416,1.629,0.1587,0.4914,1.63691,0.0167,0.6355,1.62103,0.3213,0.4376,-0.161915,0.304579,0.314379,0.0098,-0.0525,-0.1975,0.1183,83.74895173,85.77618338,81.75549758,89.14461424,78.31951174,89.14461424,78.31951174,10.8251025,83.73206299,83.76584048,87.46039881,80.03750466,85.45005591,82.04784756,0.033777488,7.422894148,3.402208349,77.37607156,65.56093925,69.05516213,78.87625792,99.41297056,87.58386135,97.95005591,94.17629519
ligand-497-p-n-43-int1,70,1,7,82,2.098,1.942,0.21756,1.45395,-0.65879,0.1452,2.1127,-0.1413,-0.0702,-0.1403,-0.5556,0.2195,-0.2741,0.4803,-0.4689,0.2737,1.0359,0.6884,0.5478,-0.79071,-0.64066,-0.47394,0.79351,0.34103,0.23149,-0.79071,-0.1536,-0.65879,0.16709,-0.79071,-0.20286,-0.43487,0.79351,0.23149,0.79351,-0.22157,1.45395,0.18004,1.23639,0.87635,0.5389,0.0711,0.0701,2.00955,0.7751,0.4936,1.13909,0.9492,0.7426,0.294552,0.469555,-0.421273,0.890828,0.0926,-0.0506,-0.1088,79.10571189,81.01938129,72.31410734,92.41753634,70.67182259,92.41753634,70.67182259,21.74571375,81.54467946,76.66674432,86.71845881,71.49296496,82.36582184,75.84560194,4.877935147,15.22549385,6.520219903,70.33637719,63.50633619,69.89377562,86.10231085,98.73276183,71.44986955,81.12187849,91.70238539
ligand-498-p-n-44-int1,79,1,7,83,2.102,1.918,0.20809,1.44963,-0.68706,0.1611,2.1367,-0.1405,-0.0186,-0.205,-0.5596,0.2181,-0.2759,0.4881,-0.3667,0.1154,1.0477,0.5848,0.3913,-0.80538,-0.65818,-0.47323,0.79599,0.33305,0.22356,-0.80538,-0.15311,-0.68706,0.18024,-0.80538,-0.23637,-0.43625,0.79599,0.22356,0.79599,0.00095,1.44963,0.17321,1.24154,0.89515,0.5218,0.1219,0.1864,2.00923,0.7777,0.494,1.17516,0.8548,0.4821,-0.007185,0.574071,-0.220464,0.794535,0.0649,-0.013,-0.1476,87.53727171,82.98546403,88.17787924,94.90542303,84.08032054,94.90542303,82.98546403,11.919959,89.49287179,85.58167164,88.94544353,86.12909989,91.54165114,83.53289228,3.911200149,2.816343645,8.008758852,70.26649273,78.45695117,82.13753261,90.95229221,98.85855386,86.02310846,97.89880731,95.70443533
ligand-499-p-n-45-int1,57,1,7,82,2.101,1.948,0.21127,1.46148,-0.66312,0.1477,2.1246,-0.1504,0.0589,-0.2555,-0.5808,0.4019,-0.4103,0.4951,-0.4819,0.2754,1.0759,0.8838,0.6857,-0.80506,-0.65403,-0.48162,0.81737,0.37165,0.22878,-0.80506,0.16211,-0.66312,0.17279,-0.80506,-0.20685,-0.46161,0.81737,-0.19518,0.81737,-0.23077,1.46148,0.18793,1.25021,0.87439,0.5496,0.2093,0.3144,2.04228,0.9827,0.8122,1.15822,0.977,0.7573,0.121877,0.399017,-0.380317,0.779334,0.1302,0.0321,-0.1825,80.92969624,83.84737234,80.96813269,93.08376817,65.81951174,93.08376817,65.81951174,27.26425643,79.45163996,82.40775252,88.46557026,73.39382221,87.02595043,74.83344204,2.956112561,15.07174804,12.19250839,73.48117779,69.4325382,64.83414089,90.09970183,96.06783451,66.80488259,92.50372717,94.2135669
ligand-500-p-o-171-int1,19,1,5,96,2.152,1.93,0.27078,1.1975,-0.95193,0.1655,2.1494,0.3425,-0.368,-0.0467,-0.3508,-0.1695,0.1591,2.4223,-0.7415,-0.2613,2.7731,0.572,0.4204,-0.36295,-0.96471,-0.22215,2.42235,0.02487,0.24102,-0.36295,-0.29732,-0.22215,2.42235,-0.96471,-0.3375,-0.3375,0.02487,2.42235,2.42235,-0.29732,-0.18508,0.14798,0.92672,1.22271,0.2197,0.7105,0.3213,1.5483,0.1813,0.3286,3.37423,3.1638,0.4802,-0.11142,0.442703,-0.465708,0.908411,0.3298,-0.2666,-0.0122,86.27760436,90.37691018,77.01733135,88.95825568,88.75792024,90.37691018,77.01733135,13.35957883,88.85808796,83.69712076,89.66758293,82.88762579,82.98779351,89.56741521,5.160967201,6.779957138,6.579621692,83.21841223,61.65206858,81.36880358,78.33581811,99.58069325,96.1470369,92.38259411,97.53540813
ligand-501-p-o-172-int1,37,1,5,97,2.152,1.926,0.29491,1.1967,-0.93166,0.1768,2.1284,0.2994,-0.1232,-0.3075,-0.4071,0.159,-0.0803,2.419,-0.7481,-0.2538,2.8261,0.9071,0.1735,-0.45184,-0.98664,-0.48769,2.41898,0.38782,0.2146,-0.45184,-0.30464,-0.48769,2.41898,-0.98664,-0.31991,-0.31991,0.38782,2.41898,2.41898,-0.30464,-0.18759,0.16241,0.90179,1.22657,0.1669,0.4226,0.1843,1.6038,0.5661,0.2393,3.35066,3.1671,0.4943,0.233649,0.36655,-0.486726,0.853276,0.2572,-0.0554,-0.1991,81.61922288,96.49878867,82.37513977,87.75857249,59.84439061,96.49878867,59.84439061,36.65439806,73.80148155,89.43696422,92.12868058,71.10976519,85.06685613,78.17158964,15.63548267,21.01891539,6.895266493,93.14200522,75.36339918,51.44893776,76.160082,99.35706299,68.23984346,89.38688036,99.85557212
ligand-502-p-o-173-int1,19,1,5,91,2.155,1.957,0.25757,1.21578,-0.93033,0.1821,2.1461,0.2973,-0.3755,-0.0022,-0.406,-0.2101,0.1699,2.4072,-0.7363,-0.2622,2.8132,0.5262,0.4321,-0.51587,-0.97039,-0.38133,2.4072,0.21278,0.24332,-0.51587,-0.39774,-0.38133,2.4072,-0.97039,-0.34238,-0.34238,0.21278,2.4072,2.4072,-0.29995,-0.18197,0.11487,0.95821,1.1879,0.1546,0.6728,0.3733,1.62178,0.1959,0.38,3.33753,3.1435,0.4741,0.156411,0.249926,-0.460478,0.710404,0.2358,-0.2431,0.0309,79.12551249,92.97894148,88.91632501,81.6879426,52.91884085,92.97894148,52.91884085,40.06010063,67.30339173,90.94763325,87.33344204,70.91758293,85.30213381,72.94889117,23.64424152,16.41585911,12.35324264,88.23145732,80.90290719,44.01789042,68.85948565,94.51639955,61.81979128,96.92974283,97.72642564
ligand-503-p-o-174-int1,38,1,5,95,2.157,1.93,0.28968,1.20422,-0.92751,0.1819,2.1317,0.3406,-0.3878,0.0036,-0.3494,-0.1999,0.2042,2.4104,-0.7322,-0.2708,2.7598,0.5323,0.475,-0.36076,-0.96698,-0.19689,2.41036,-0.14723,0.22701,-0.36076,-0.29372,-0.19689,2.41036,-0.96698,-0.36076,-0.33947,-0.14723,2.41036,2.41036,-0.29372,-0.18074,0.15128,0.91454,1.21719,0.2022,0.7284,0.3914,1.55362,0.1495,0.4041,3.33791,3.1426,0.4614,0.301514,0.286153,-0.490267,0.77642,0.2414,-0.2487,0.0131,74.7711284,89.41250466,72.94772643,83.18347,53.54081252,89.41250466,53.54081252,35.87169214,68.36214126,81.18011554,86.29798733,63.24426947,78.06559821,71.47665859,12.81797428,23.05371785,6.58893962,81.45266493,59.40178904,50.8246366,73.81662318,92.55031681,56.25698845,86.49366381,97.37234439
ligand-504-p-o-175-int1,19,1,5,95,2.151,1.928,0.28257,1.18724,-0.92685,0.1886,2.1141,0.1597,-0.2671,0.1116,-0.5901,-0.095,0.3669,2.4091,-0.7349,-0.2702,2.9992,0.6399,0.6371,-0.71197,-0.96934,-0.19754,2.40908,0.24048,0.23574,-0.71197,-0.59944,-0.19754,2.40908,-0.96934,-0.35701,-0.35701,0.24048,2.40908,2.40908,-0.29298,-0.18332,0.15237,0.90467,1.20942,0.0295,0.4268,0.3787,1.77734,0.4951,0.4619,3.33595,3.144,0.4647,0.295076,0.284792,-0.49551,0.780302,0.0942,-0.1233,0.0588,73.91387905,88.73928438,80.49291837,76.05758479,50.36572866,88.73928438,50.36572866,38.37355572,63.21165673,84.61610138,82.39843459,65.42932352,78.27525158,69.55250652,21.40444465,16.96911107,8.722745061,79.33283638,65.62616474,47.56336191,68.11405143,84.00111815,53.16809542,95.35967201,98.14573239
ligand-508-p-p-43-int1,106,1,15,101,1.126,2.507,0.28257,1.55475,1.09637,0.1655,0.4584,-0.4998,0.1415,-0.1717,-0.6198,0.1624,-0.0703,-0.3799,-0.0388,-0.0084,0.2399,0.2012,0.0619,-0.99133,-0.19032,-0.4912,-0.29947,1.09115,0.22448,-0.99133,-0.29947,-0.4912,-0.42114,-0.39504,-0.46769,-0.39504,1.09115,1.09637,-0.29947,0.33739,1.55475,1.04303,1.27218,0.8138,1.8254,0.6413,0.3132,2.17455,0.7822,0.2327,1.47627,0.3411,0.0304,0.295076,0.625193,0.733671,0.108478,-0.1423,0.0686,-0.0803,87.47029911,77.57640701,90.19055162,91.89340291,90.22083489,91.89340291,77.57640701,14.3169959,91.0571189,83.88347931,84.73490496,90.20569325,91.04197726,83.89862095,7.173639583,5.470788297,7.143356318,76.18803578,82.94819232,83.11125606,84.97018263,98.81662318,97.33041372,97.43291092,78.96477823
ligand-509-p-p-44-int1,100,1,15,83,2.111,2.272,0.00888,1.56127,1.09854,0.147,0.4627,-0.5041,0.0872,-0.1532,-0.63,0.0644,-0.0239,-0.3782,-0.0384,-0.0079,0.2518,0.1028,0.016,-0.98047,-0.19043,-0.46784,-0.30143,1.07485,0.2234,-0.98047,-0.30143,-0.4307,-0.42018,-0.39257,-0.46784,-0.39257,1.07485,1.09854,-0.30143,0.33744,1.56127,1.32102,1.55239,1.08966,1.834,0.5913,0.2404,2.19127,0.6944,0.0883,1.47674,0.3398,0.0305,-0.120476,0.376319,0.71473,0.338411,-0.0959,-0.0048,-0.0771,85.99049571,74.22894148,90.87076034,88.37821469,90.48406634,90.87076034,74.22894148,16.64181886,89.43114051,82.54985091,81.30357808,90.67741334,89.62448751,82.35650391,6.881289601,9.373835259,7.2679836,69.80991428,85.10995155,83.46999627,77.80003727,98.9563921,97.49813641,96.63156914,78.64796869
ligand-510-p-p-45-int1,76,36,1,97,2.164,2.283,0.02995,1.22871,1.08199,0.1678,0.1467,-0.3591,-0.135,0.0026,-0.3697,-0.1084,0.0074,-0.3485,-0.1662,0.0237,0.0212,0.0578,0.0163,-0.38489,-0.2042,-0.2062,-0.33471,0.22503,0.22326,-0.38489,-0.20076,-0.19931,-0.36957,-0.2042,-0.2062,-0.35367,0.22503,0.22126,-0.33471,-0.04128,0.22326,1.12535,1.19876,1.05204,1.5144,0.2241,0.1376,1.59841,0.2613,0.1158,1.43049,0.1823,0.1899,-0.265041,0.456381,0.560738,0.104357,0.0288,-0.1436,0.008,83.84562523,75.97139396,79.37476705,92.41287738,87.62346254,92.41287738,75.97139396,16.44148341,90.01816996,77.67308051,84.19213567,83.4991148,85.89382221,81.79742825,12.34508945,0.693020872,4.096393962,65.89172568,64.29836004,86.51229966,86.29798733,98.52776742,88.73462542,94.45117406,86.05106224
ligand-511-p-p-46-int1,68,36,1,97,2.166,2.288,0.03509,1.22903,1.08046,0.1617,0.1486,-0.3504,-0.1449,0.0355,-0.3617,-0.1176,0.0329,-0.3391,-0.1768,0.047,0.0226,0.0592,0.0141,-0.38466,-0.23287,-0.206,-0.30952,0.22418,0.34355,-0.38466,-0.22929,-0.20264,-0.36654,-0.23287,-0.206,-0.33042,0.22418,0.34273,-0.30952,-0.08208,0.34355,1.11961,1.19394,1.04537,1.5051,0.2055,0.1804,1.59073,0.2441,0.1505,1.41956,0.1623,0.2238,-0.238741,0.439988,0.550938,0.11095,0.0381,-0.1572,0.0483,83.14095695,75.85724935,78.36610138,92.0494782,86.29099888,92.0494782,75.85724935,16.19222885,89.17023854,77.11167536,83.95336377,82.32855013,85.20778979,81.07412411,12.05856318,1.624813641,4.133665673,65.99888185,63.31065971,85.33358181,85.95788297,98.14107343,87.24841595,93.42154305,85.71561685
ligand-512-p-p-47-int1,64,34,1,97,2.162,2.274,0.05158,1.22831,1.0793,0.1685,0.149,-0.3843,-0.0005,-0.1643,-0.3907,-0.0151,-0.1488,-0.3779,0.0189,-0.1186,0.0128,0.034,0.0302,-0.42511,-0.49024,-0.47703,-0.33147,0.36009,0.22353,-0.42511,-0.49024,-0.47703,-0.41324,-0.18628,-0.49024,-0.33147,0.36009,0.31717,-0.33169,0.33064,0.22353,1.10222,1.17673,1.02772,1.5381,0.3838,0.1638,1.61901,0.3756,0.1337,1.4572,0.3968,0.1375,-0.410414,0.425019,0.809064,0.384045,-0.02,-0.0078,-0.1194,90.77117499,84.22241893,87.99385017,93.8524972,97.01593366,97.01593366,84.22241893,12.79351472,95.43421543,86.10813455,89.03745807,92.50489191,90.92317369,90.6191763,9.32608088,3.467433843,0.303997391,73.60231085,77.28755125,96.82258666,88.49701826,99.20797615,97.20928066,98.70014909,94.84252702
ligand-513-p-p-48-int1,91,1,14,86,2.142,2.262,0.00076,1.25649,1.09301,0.1179,0.1635,-0.4195,-0.2556,0.1176,-0.3904,-0.215,0.084,-0.4486,-0.3197,0.2368,0.0582,0.1047,0.1528,-0.50082,-0.60802,-0.20542,-0.35319,0.23302,0.23996,-0.42693,-0.35319,-0.20542,-0.50082,-0.60802,-0.18438,-0.37123,-0.18213,1.09301,-0.35319,0.23302,1.25649,1.17394,1.25573,1.09225,1.5942,0.1639,0.3732,1.64689,0.1754,0.299,1.54161,0.1289,0.5565,-0.072081,0.336549,0.289683,0.046866,-0.017,-0.2008,0.0776,81.28144801,87.61181513,82.13986209,79.12551249,76.24860231,87.61181513,76.24860231,11.36321282,77.6870574,84.87583861,83.36866381,79.1942322,80.63268729,81.93020872,7.188781215,4.174431606,1.297521431,79.41203876,72.59131569,63.45042862,73.93309728,84.31792769,89.046776,91.6884085,95.8115915
ligand-514-p-p-49-int1,85,1,14,86,2.14,2.261,-0.00031,1.2562,1.09283,0.1233,0.1634,-0.418,-0.2557,0.1172,-0.3882,-0.214,0.084,-0.4478,-0.3188,0.2357,0.0596,0.1048,0.1517,-0.49859,-0.60571,-0.20057,-0.35202,0.23076,0.23029,-0.41351,-0.35202,-0.20057,-0.49859,-0.60571,-0.18594,-0.3744,-0.18252,1.09283,-0.35202,0.23076,1.2562,1.17481,1.25651,1.09314,1.5925,0.1623,0.3729,1.6444,0.1742,0.298,1.54063,0.129,0.5545,-0.107691,0.349975,0.302116,0.047859,-0.02,-0.2072,0.0809,81.63785874,88.62048081,80.98443906,78.98807305,77.95844204,88.62048081,77.95844204,10.66203876,78.47325755,84.80245993,83.80427693,79.47144055,79.98625606,83.28946142,6.329202385,4.332836377,3.303205367,80.12951919,72.51211331,64.89004845,73.42527022,84.55087589,91.02683563,89.45676482,97.11144242
ligand-515-p-p-50-int1,63,1,14,85,2.159,2.258,0.03128,1.23938,1.0897,0.1298,0.1497,-0.3819,-0.078,-0.0208,-0.4113,-0.0324,0.0305,-0.3524,-0.221,0.1057,0.0589,0.1886,0.0752,-0.42624,-0.19187,-0.30254,-0.34938,0.32887,0.23166,-0.42624,-0.35179,-0.30254,-0.35609,-0.38898,-0.2037,-0.38898,0.32887,1.0897,-0.34938,-0.18339,1.23938,1.13322,1.2081,1.05842,1.5464,0.3039,0.0572,1.65068,0.3789,0.0629,1.4421,0.1314,0.3267,-0.02511,0.546845,0.439337,0.107508,-0.0842,-0.0598,-0.0111,81.88827805,85.18449497,73.81895266,92.14032799,76.40933656,92.14032799,73.81895266,18.32137533,84.27483228,79.50172382,88.66241148,75.11414461,82.97964033,80.79691577,4.773108461,13.54826687,2.182724562,75.80134178,51.0436079,71.42657473,89.43347,94.84718599,81.3920984,96.59429743,94.56764816
ligand-516-p-p-51-int1,63,1,14,85,2.147,2.291,0.03675,1.24027,1.06252,0.131,0.1778,-0.4265,-0.0792,-0.008,-0.4115,-0.0342,-0.0557,-0.4414,-0.2198,0.2421,0.0299,0.1856,0.2978,-0.48923,-0.59833,-0.47388,-0.34824,0.33515,0.2231,-0.42709,-0.34824,-0.47388,-0.48923,-0.59833,-0.19994,-0.38394,0.33515,1.06252,-0.34824,0.23286,1.24027,1.11465,1.20352,1.02577,1.5779,0.3473,0.0712,1.65177,0.3773,0.0215,1.50392,0.2216,0.4619,-0.286438,0.486737,0.379537,0.1072,-0.0558,-0.0753,-0.0069,85.06569139,93.09075662,90.65178904,86.49599329,70.02422661,93.09075662,70.02422661,23.06653,78.26010995,91.87127283,89.79337495,80.33800783,88.57389117,81.55749161,13.61116288,9.455367126,7.016399553,87.23443906,83.81941856,62.8354454,79.63101006,93.36097652,77.21300783,97.48415952,98.94707417
ligand-517-p-p-52-int1,63,1,14,87,2.157,2.261,0.03405,1.23782,1.07334,0.1331,0.1645,-0.4957,-0.0822,-0.0064,-0.408,-0.0382,-0.0549,-0.5834,-0.2227,0.2454,0.1754,0.1845,0.3003,-0.69967,-0.60719,-0.49341,-0.35473,0.32441,0.23019,-0.42692,-0.35473,-0.49341,-0.69967,-0.60719,-0.19658,-0.38858,0.32441,1.07334,-0.35473,0.23356,1.23782,1.12155,1.20377,1.03929,1.6513,0.4135,0.0758,1.64582,0.3698,0.0167,1.65674,0.3607,0.4681,0.115881,0.472939,0.239247,0.233692,-0.1073,-0.0726,-0.0124,79.16686079,78.74347745,60.48499814,96.19129706,81.24767052,96.19129706,60.48499814,35.70629892,88.71948379,69.61423779,87.46738725,70.86633433,78.3381476,79.99557398,19.10524599,16.60105293,1.657426388,70.30842341,42.5642937,78.88557585,92.99757734,99.38501677,83.60976519,78.40570257,87.17853149
ligand-518-p-p-53-int1,60,1,14,86,2.166,2.258,0.03711,1.2446,1.07964,0.1245,0.165,-0.3818,-0.081,-0.0649,-0.4126,-0.0363,-0.0553,-0.3509,-0.2234,0.1068,0.0617,0.1871,0.1621,-0.42732,-0.20611,-0.49362,-0.34474,0.32618,0.24141,-0.42732,-0.34919,-0.49362,-0.35887,-0.39903,-0.2038,-0.39903,0.32618,1.07964,-0.34474,-0.17962,1.2446,1.12499,1.20749,1.04253,1.5439,0.3008,0.0161,1.6572,0.3763,0.019,1.43054,0.1275,0.3302,0.030928,0.609896,0.429508,0.180388,-0.0547,-0.0676,-0.05,82.51549105,82.40076407,70.11041744,94.33935893,83.21142378,94.33935893,70.11041744,24.22894148,88.77539135,76.25559076,88.3700615,76.66092061,82.22488818,82.80609392,12.5198006,11.70914089,0.58120574,72.20928066,46.14237794,78.71319419,89.90868431,98.77003354,87.70965337,94.07845695,92.59224748
ligand-519-p-p-54-int1,63,1,14,85,2.17,2.295,-0.00302,1.23189,1.06253,0.1224,0.1694,-0.4154,-0.2234,0.0751,-0.3877,-0.1514,-0.008,-0.4432,-0.3165,0.2323,0.0555,0.1651,0.2403,-0.48801,-0.60805,-0.61114,-0.35405,0.23325,0.23058,-0.40624,-0.35405,-0.61114,-0.48801,-0.60805,-0.19927,-0.37032,0.01659,1.06253,-0.35405,0.23325,1.23189,1.15022,1.23491,1.06555,1.5626,0.192,0.2985,1.61959,0.2363,0.1434,1.50573,0.1267,0.5488,-0.213831,0.251763,0.356983,0.10522,-0.0213,-0.1785,0.0574,83.71168002,95.71375326,82.33087961,89.32165486,67.48043235,95.71375326,67.48043235,28.23332091,78.40104361,89.02231644,92.51770406,74.90565598,85.82626724,81.59709281,10.62127283,17.61204808,4.229174432,92.61088334,73.2855013,58.1578457,83.35352218,95.28978755,76.80301901,91.37625792,98.81662318
ligand-520-n-o-80-int1,16,8,11,85,1.974,1.851,0.52832,-0.42058,-0.63006,0.1639,0.2095,0.287,-0.0827,0.014,0.0608,0.253,-0.2383,0.7395,-0.2538,-0.1854,0.6787,0.5068,0.0529,0.02563,-0.60355,-0.37298,0.73948,0.2088,0.22106,0.02563,0.01409,-0.63006,0.73948,-0.60355,-0.42058,0.09603,0.73948,0.22106,0.73948,0.09603,0.04971,1.05362,0.9489,1.15838,0.8123,0.3697,0.0967,0.48138,0.1922,0.4913,1.36956,0.9933,0.0684,0.579438,-0.478052,-0.559025,0.080973,0.2669,-0.0389,-0.0252,61.66662784,62.85874022,61.82445024,60.92527022,61.05805069,62.85874022,60.92527022,1.933469996,60.99166045,62.34159523,61.89200522,61.44125047,61.37486023,61.95839545,1.349934775,0.450754752,0.583535222,60.18915393,66.22251211,64.54062616,56.27096534,65.5795751,57.57547521,57.42638837,65.5283265
ligand-521-n-o-81-int1,16,8,10,34,4.603,4.049,-0.53037,-0.43086,-0.62691,0.1317,0.196,0.3149,-0.1973,0.1988,0.1026,0.138,-0.1265,0.7395,-0.2314,-0.3067,0.6369,0.3694,0.1802,0.06639,-0.60166,0.06264,0.7395,0.2138,0.27977,0.06639,-0.21864,-0.62691,0.7395,-0.60166,-0.43086,0.13879,0.7395,0.27977,0.7395,0.13879,-0.18261,0.00147,0.09951,0.09654,0.8438,0.5122,0.3961,0.53346,0.0354,0.2645,1.36641,0.9709,0.0753,-0.228223,-0.491936,-0.558225,0.066289,0.289,-0.1366,0.1431,45.52098863,50,27.79770779,65.22549385,39.06075289,65.22549385,27.79770779,37.42778606,52.14312337,38.89885389,57.61274693,33.42923034,46.51160082,44.53037644,13.24426947,24.18351659,1.981224376,35.64573239,4.72418934,9.024412971,51.7005218,78.7504659,69.09709281,50.87122624,64.35426761
ligand-522-n-o-82-int1,15,8,10,85,1.969,1.85,0.52998,-0.47119,-0.62975,0.1733,0.1586,0.3217,-0.2496,0.2756,0.1116,0.0892,-0.0833,0.7418,-0.2384,-0.3595,0.6302,0.3276,0.2762,0.08633,-0.61374,0.22063,0.74179,0.20341,0.35133,0.08633,-0.34034,-0.62975,0.74179,-0.61374,-0.47119,0.13692,0.74179,0.35133,0.74179,0.13692,-0.2479,1.08048,1.00117,1.15973,0.8722,0.5713,0.5252,0.58279,0.0224,0.1725,1.37155,0.9802,0.1211,0.56703,-0.511345,-0.560979,0.049634,0.2765,-0.1988,0.2471,61.69574637,62.92396571,61.87336936,60.95788297,61.02776742,62.92396571,60.95788297,1.966082743,60.9928252,62.39866754,61.94092434,61.45056839,61.41562616,61.97586657,1.405842341,0.490355945,0.560240403,60.27767425,66.33898621,64.48937756,56.23369363,65.68207231,57.56615729,57.40775252,65.57025717
ligand-523-n-o-83-int1,24,11,16,93,1.865,1.919,0.538,-0.46496,-0.59691,0.1673,0.132,0.2382,-0.2633,0.2267,0.0744,-0.1807,0.2668,0.5659,-0.556,0.2694,0.4915,0.3753,0.0026,-0.20714,-0.67617,0.19779,0.56592,0.2013,0.29326,-0.20714,-0.44881,0.19779,0.56592,-0.67617,0.22709,0.35594,0.2013,0.56592,0.56592,-0.43578,0.35594,1.0689,1.00296,1.13491,0.7691,0.5015,0.49,0.53936,0.2551,0.4475,1.16281,1.1219,0.8254,0.482949,-0.391927,-0.542823,0.150896,0.2916,-0.1411,0.0871,62.80341502,68.31671636,59.97018263,65.22083489,57.7059262,68.31671636,57.7059262,10.61079016,61.46338054,64.1434495,66.76877562,58.83805442,62.59550876,63.01132128,2.680068953,7.930721208,0.415812523,68.51938129,60.79016027,59.0849795,63.88371226,66.55795751,56.3268729,59.15020499,68.11405143
ligand-524-n-o-84-int1,20,11,16,92,1.865,1.909,0.54228,-0.4602,-0.59897,0.1672,0.1388,0.2303,-0.1691,0.139,0.0763,-0.1776,0.2638,0.5383,-0.273,0.0838,0.462,0.0954,0.18,-0.20555,-0.4484,-0.16289,0.53829,0.19724,0.29779,-0.20555,-0.4484,0.1946,0.53829,-0.41959,-0.16289,0.35814,0.19724,0.53829,0.53829,-0.1265,0.35814,1.07188,1.00248,1.14125,0.7599,0.3994,0.3081,0.5365,0.2539,0.4414,1.13727,0.8113,0.3568,0.492011,-0.40636,-0.563769,0.157409,0.3299,-0.0785,0.0115,62.99617965,68.00922475,60.79248975,65.53531495,57.64768915,68.00922475,57.64768915,10.36153559,61.59150205,64.40085725,66.77226985,59.22008945,63.16390235,62.82845695,2.809355199,7.552180395,0.335445397,66.64647782,60.28233321,59.23872531,65.51434961,65.55628028,56.056653,61.30264629,69.37197167
ligand-525-n-o-85-int1,20,11,16,93,1.869,1.924,0.53735,-0.45425,-0.56729,0.1756,0.113,0.1994,0.009,0.1072,0.0745,-0.1748,0.2537,0.4492,0.2594,0.0076,0.3747,0.4342,0.2461,-0.20898,-0.45169,-0.31178,0.4492,0.92763,0.28706,-0.20898,-0.45169,0.19892,0.4492,-0.4089,-0.31178,0.35801,0.20415,0.4492,0.4492,0.92763,0.35801,1.04815,0.9916,1.10464,0.7102,0.1904,0.0982,0.52875,0.2493,0.4285,1.01649,0.1898,0.2518,0.488077,-0.395313,-0.510755,0.115442,0.256,0.0224,0.0146,62.88960585,65.19521059,57.73853895,68.34932911,60.27534476,68.34932911,57.73853895,10.61079016,64.31233694,61.46687477,66.77226985,59.00694186,63.04393403,62.73527767,2.845462169,7.765327991,0.308656355,63.8138278,59.01043608,60.99981364,68.6591502,68.03950801,59.55087589,56.46664182,66.57659337
ligand-526-n-o-86-int1,20,11,16,93,1.868,1.923,0.53975,-0.45228,-0.57762,0.1769,0.1253,0.2098,-0.0472,0.1528,0.0755,-0.173,0.2573,0.4784,0.0893,0.1192,0.4029,0.2623,0.1381,-0.20906,-0.45,-0.30519,0.47838,0.58157,0.55853,-0.20906,-0.45,0.1991,0.47838,-0.40298,-0.30519,0.35999,0.20467,0.47838,0.47838,0.58157,0.55853,1.05475,0.99203,1.11737,0.7248,0.257,0.2,0.52778,0.2485,0.4303,1.05602,0.3891,0.0299,0.494171,-0.393465,-0.537484,0.144019,0.28,-0.0288,0.0567,63.78587402,65.14862095,59.44371972,68.35631755,62.19483787,68.35631755,59.44371972,8.912597838,65.27557771,62.29617033,66.75246925,60.81927879,63.90001864,63.67172941,2.97940738,5.933190458,0.228289228,63.69269474,59.01975401,61.04174432,68.70108088,68.01155423,63.34793142,59.86768543,66.60454715
ligand-527-n-o-87-int1,20,11,16,93,1.869,1.923,0.54017,-0.45115,-0.58032,0.1774,0.1292,0.2102,-0.0463,0.1563,0.0762,-0.173,0.2575,0.4783,0.0927,0.1263,0.4021,0.2657,0.1312,-0.20907,-0.45202,-0.30542,0.47833,0.5874,0.59123,-0.20907,-0.45202,0.19906,0.47833,-0.402,-0.30542,0.36139,0.20488,0.47833,0.47833,0.5874,0.59123,1.05587,0.99132,1.12049,0.7259,0.2565,0.2026,0.52735,0.2492,0.4305,1.05862,0.3856,0.0336,0.499088,-0.3925,-0.543221,0.150721,0.2709,-0.0154,0.0562,63.73928438,65.19754007,59.93291092,68.29808051,61.52860604,68.29808051,59.93291092,8.365169586,64.91334327,62.56522549,66.74781029,60.73075848,64.11549571,63.36307305,2.348117779,6.017051808,0.752422661,63.88837123,58.94521059,61.0184495,68.54267611,68.0534849,62.03876258,60.92061126,66.50670891
ligand-528-p-o-179-int1,58,1,2,88,2.155,1.973,0.29722,1.39108,-1.04687,0.166,2.4379,0.0655,-0.1906,-0.0973,-0.6432,0.3016,-0.2078,2.1918,-0.6845,0.1426,2.835,0.9861,0.3504,-1.10171,-0.47619,-0.21097,2.1918,0.12365,0.22487,-1.10171,-0.18541,-1.04687,2.1918,-1.10171,-0.16845,-0.41335,2.1918,0.22487,2.1918,-0.47563,1.39108,0.12512,1.09386,1.34409,0.1066,0.2561,0.0933,2.03428,0.9448,0.5094,3.23867,2.8763,0.8271,-0.128922,0.343189,-0.426596,0.769785,0.2623,-0.1044,-0.1199,85.87926295,83.79146478,72.68216549,97.34206113,89.70136042,97.34206113,72.68216549,24.65989564,93.52171077,78.23681513,90.56676295,81.19176295,85.01211331,86.7464126,15.28489564,9.375,1.734299292,79.49124115,60.53857622,85.8507268,95.97465524,98.70946701,93.55199404,84.82575475,88.09168841
ligand-529-p-o-180-int1,69,1,2,90,2.136,1.957,0.28518,1.41083,-1.03878,0.1489,2.4496,0.0649,-0.2322,-0.0659,-0.6418,0.2504,-0.1725,2.1852,-0.6795,0.1313,2.827,0.9299,0.3038,-1.0962,-0.47736,-0.2005,2.18522,0.03797,0.2245,-1.0962,-0.18829,-1.03878,2.18522,-1.0962,-0.16812,-0.40481,2.18522,0.2245,2.18522,-0.46491,1.41083,0.09918,1.12565,1.32396,0.1211,0.2971,0.1663,2.05263,0.8922,0.4229,3.22398,2.8647,0.8108,0.269765,0.252279,-0.51336,0.765639,0.2787,-0.1504,-0.0889,72.54763791,86.18850168,65.56093925,79.89424152,58.54686918,86.18850168,58.54686918,27.6416325,69.22055535,75.87472046,83.0413716,62.05390421,72.72759038,72.36768543,6.654165114,20.98746739,0.359904957,77.19903094,67.05646664,42.92769288,69.6515095,90.13697354,74.16604547,64.06541185,95.17797242
ligand-53-p-c-18-int1,54,14,40,85,2.264,1.854,0.1125,1.07999,0.37034,0.1771,0.7097,-0.3665,-0.0853,-0.0153,-0.3541,-0.1327,-0.0606,-0.3851,0.0439,-0.08,0.031,0.1766,0.0194,-0.38838,-0.2017,-0.21207,-0.33707,0.14702,0.24242,-0.37231,-0.2017,-0.38838,-0.38838,-0.05789,-0.33707,-0.33707,0.14702,0.22888,-0.38188,0.14702,0.24242,0.6127,0.96749,0.25784,1.0917,0.2812,0.07,1.43409,0.2214,0.0721,0.75544,0.429,0.1239,0.001457,0.523157,-0.168026,0.691183,-0.041,-0.0718,-0.0059,79.5355013,70.22223258,77.06625047,75.43095416,95.42256802,95.42256802,70.22223258,25.20033545,85.42676109,73.64424152,72.82659337,86.24440924,76.24860231,82.8224003,11.78251957,13.41781588,6.573797987,57.37048081,74.30581439,94.17163623,67.24748416,83.61442415,96.67349981,79.82668654,83.07398435
ligand-530-p-o-181-int1,67,1,2,89,2.147,1.965,0.27887,1.36046,-1.03718,0.1445,2.3976,0.0952,-0.2182,0.0498,-0.6037,0.2666,-0.0469,2.1921,-0.6753,0.1227,2.7958,0.9419,0.1696,-1.09126,-0.47281,-0.19337,2.19207,0.04041,0.98785,-1.09126,-0.18942,-1.03718,2.19207,-1.09126,-0.17733,-0.35199,2.19207,0.98785,2.19207,-0.46189,1.36046,0.11727,1.08159,1.31605,0.0664,0.3134,0.268,1.96416,0.8703,0.3135,3.22928,2.8674,0.798,0.11084,0.222507,-0.485988,0.708495,0.2596,-0.1399,-0.0037,84.3551994,91.05013045,74.85324264,95.71841223,75.7990123,95.71841223,74.85324264,20.86516959,85.75871226,82.95168654,93.38427134,75.32612747,85.28582743,83.42457138,2.807025717,18.05814387,1.861256057,82.17014536,60.16120015,67.20555348,93.66846813,97.76835632,84.39247111,89.54528513,99.93011554
ligand-531-p-o-182-int1,69,1,2,90,2.138,1.958,0.28207,1.41899,-1.03908,0.1525,2.4581,0.0414,-0.2156,-0.0879,-0.6732,0.2689,-0.1956,2.1854,-0.6786,0.1328,2.8586,0.9475,0.3284,-1.09834,-0.47507,-0.30695,2.18535,0.04116,0.22564,-1.09834,-0.16462,-1.03908,2.18535,-1.09834,-0.16901,-0.44978,2.18535,0.22564,2.18535,-0.46231,1.41899,0.09207,1.13692,1.32115,0.1486,0.257,0.1277,2.09219,0.9421,0.4645,3.22448,2.864,0.8114,0.257914,0.255484,-0.51161,0.767094,0.2789,-0.171,-0.1172,72.5359905,86.29798733,65.61684681,79.7428252,58.48630265,86.29798733,58.48630265,27.81168468,69.11456392,75.95741707,83.02040626,62.05157473,72.679836,72.39214499,6.842853149,20.96883153,0.287691018,77.45993291,67.66213194,42.09839732,69.45583302,90.02981737,74.87420798,63.57156168,95.13604174
ligand-532-p-o-183-int1,77,1,2,89,2.134,1.958,0.28838,1.40548,-1.03861,0.1417,2.4441,0.0746,-0.2322,-0.0577,-0.6288,0.2513,-0.1641,2.1847,-0.681,0.1298,2.8135,0.9323,0.2939,-1.09498,-0.48038,-0.18219,2.18467,0.03366,0.22893,-1.09498,-0.18774,-1.03861,2.18467,-1.09498,-0.16883,-0.38612,2.18467,0.22893,2.18467,-0.46763,1.40548,0.10498,1.1171,1.32699,0.1088,0.3068,0.1745,2.03428,0.8801,0.4154,3.22331,2.8657,0.8108,0.278748,0.246384,-0.51114,0.757524,0.2813,-0.1464,-0.1033,72.40321003,85.72027581,65.35128587,79.47959374,59.06168468,85.72027581,59.06168468,26.65859113,69.27063921,75.53578084,82.59993477,62.20648528,72.41543981,72.39098025,6.265141633,20.3934495,0.02445956,76.86358554,66.93533358,43.34699963,69.28811032,89.67107715,74.77636974,63.76723817,94.57696608
ligand-55-p-c-20-int1,73,14,40,88,2.141,1.954,0.13218,1.22673,0.26041,0.183,0.9663,-0.3756,-0.0841,0.0309,-0.3762,-0.1266,-0.0374,-0.3747,0.0408,-0.0075,0.0015,0.1674,0.0299,-0.38587,-0.192,-0.21288,-0.36818,0.16048,0.24227,-0.38587,-0.192,-0.37695,-0.37695,-0.06569,-0.36818,-0.36818,0.16048,0.22917,-0.37247,0.16048,0.24227,0.61142,1.09455,0.12823,1.1192,0.2915,0.115,1.60293,0.2496,0.0892,0.63511,0.4155,0.0483,0.424675,0.390096,-0.183522,0.573618,-0.0064,-0.089,0.0239,81.6110697,74.00531122,68.96198286,89.85743571,93.61954901,93.61954901,68.96198286,24.65756616,91.73849236,71.48364704,81.93137346,81.29076593,79.40970928,83.81243012,20.25484532,0.640607529,4.402720835,64.44744689,63.55758479,92.396571,84.07100261,95.6438688,94.84252702,74.36638092,83.56317555
ligand-57-p-c-22-int1,90,46,18,99,2.214,1.988,0.00869,1.4272,0.27091,0.183,1.1563,-0.5039,0.0468,-0.2398,-0.6013,0.077,-0.2778,-0.3578,0.0017,-0.1315,0.2435,0.0753,0.1463,-0.9849,-0.06014,-0.62427,-0.3575,0.41067,0.23929,-0.9849,-0.0359,-0.62427,-0.35808,-0.06014,-0.60346,-0.40939,0.41067,0.21205,-0.3575,0.11642,0.23929,0.84041,1.41851,0.26222,1.353,0.5507,0.2866,2.0285,0.6783,0.3548,0.62871,0.3595,0.1332,-0.482467,0.655633,0.160468,0.495165,-0.2109,0.024,-0.1234,85.66611536,86.726612,71.54071934,95.81857995,88.57855013,95.81857995,71.54071934,24.2778606,92.19856504,79.13366567,91.27259597,80.05963474,83.67964965,87.65258107,13.06489937,11.21296124,3.97293142,77.88389862,56.11721953,84.86768543,92.36395826,99.27320164,92.28941483,86.96421916,95.56932538
ligand-58-p-c-23-int1,86,38,18,98,2.173,1.975,0.06857,1.44536,0.25748,0.1873,1.1879,-0.4984,-0.0403,0.0014,-0.5923,-0.0629,-0.0134,-0.3574,-0.0063,0.0138,0.2349,0.0566,0.0272,-0.97117,-0.19202,-0.40292,-0.35509,0.40908,0.24361,-0.97117,-0.19202,-0.39006,-0.35975,-0.05906,-0.40292,-0.39577,0.40908,0.22108,-0.35509,0.11283,0.24361,0.78283,1.37679,0.18891,1.3498,0.4581,0.0417,2.03766,0.5294,0.0495,0.61488,0.3511,0.0201,-0.009725,0.565865,-0.052139,0.618004,-0.1095,-0.0669,0.035,79.98567369,76.0692322,68.93635855,89.44278792,85.49431606,89.44278792,68.93635855,20.50642937,87.46855199,72.50279538,82.75601006,77.21533731,79.18957324,80.78177413,14.96575662,5.540672754,1.592200895,68.54267611,52.74412971,79.46328736,80.21803951,98.66753634,91.52534476,85.1285874,83.5957883
ligand-59-p-c-24-int1,113,38,18,98,2.003,2.271,0.06857,1.42177,0.27456,0.1837,1.1472,-0.5043,0.0416,-0.1974,-0.6011,0.0765,-0.3228,-0.3593,-0.0109,0.0159,0.2418,0.0874,0.3387,-0.9861,-0.0661,-0.62528,-0.35885,0.41048,0.24193,-0.9861,-0.03464,-0.62528,-0.35971,-0.0661,-0.40254,-0.40793,0.41048,0.18687,-0.35885,0.11308,0.24193,0.77963,1.3532,0.20599,1.3525,0.5459,0.239,2.02287,0.6776,0.3993,0.63386,0.3484,0.0268,-0.009725,0.721973,0.077555,0.644418,-0.1842,0.0409,-0.1159,86.65498043,87.25074543,73.91213194,96.41958628,89.03745807,96.41958628,73.91213194,22.50745434,92.72852218,80.58143869,91.83516586,81.47479501,85.16585911,88.14410175,12.14708349,10.36037085,2.978242639,77.82799105,60.63641446,87.42079761,93.59858367,99.24058889,90.65411852,87.18784942,96.67349981
ligand-81-p-o-7-int1,55,1,30,86,2.137,1.914,0.30616,1.2007,-0.70608,0.1512,1.9068,-0.1979,-0.1358,-0.0492,-0.3942,-0.0564,-0.095,0.3909,-0.2905,0.1973,0.7851,0.2341,0.2923,-0.49527,-0.19433,-0.27135,0.39093,0.0097,0.22714,-0.49527,-0.19433,-0.70608,0.39093,-0.49527,-0.17857,-0.33894,0.39093,0.22714,0.39093,-0.08579,1.2007,0.05886,0.89454,1.01224,0.4452,0.0621,0.0866,1.5949,0.3378,0.0386,1.09698,0.6814,0.4878,0.116368,0.342219,-0.539767,0.881986,0.0302,-0.1129,0.0086,80.93319046,83.12290347,60.953224,97.35370854,82.30292583,97.35370854,60.953224,36.40048453,89.82831718,72.03806373,90.238306,71.62807492,79.15346627,82.71291465,17.79025345,18.61023108,3.559448379,75.08386135,58.34420425,76.61666045,95.27581066,99.43160641,87.9891912,63.56224376,91.16194558
ligand-84-p-o-10-int1,66,1,28,87,2.122,1.907,0.28951,1.21316,-0.69418,0.1419,1.9073,-0.236,0.1914,-0.2919,-0.4451,0.2713,-0.3368,0.3912,-0.2789,0.1972,0.8363,0.5502,0.534,-0.46948,-0.18037,-0.48166,0.39118,0.36421,0.20927,-0.46948,-0.18037,-0.69418,0.39118,-0.46948,-0.18169,-0.43285,0.39118,0.20927,0.39118,-0.08839,1.21316,0.03001,0.92365,0.98369,0.4955,0.4274,0.4833,1.65826,0.7164,0.6081,1.08538,0.6701,0.4761,0.248458,0.340526,-0.581645,0.922171,0.0101,0.175,-0.1892,77.57931886,82.52422661,61.62644428,94.87513977,71.29146478,94.87513977,61.62644428,33.24869549,83.08330227,72.07533545,88.69968319,66.45895453,78.25079202,76.9078457,11.00796683,22.24072866,1.342946329,69.42322028,50.30749161,71.37532613,91.2504659,98.49981364,71.20760343,72.94539694,95.62523295
ligand-85-p-o-11-int1,74,1,5,95,2.173,1.953,0.2922,1.20037,-0.94355,0.1767,2.1439,0.304,-0.3496,-0.0353,-0.3991,-0.176,0.1396,2.4133,-0.7436,-0.2586,2.8124,0.5676,0.3982,-0.51991,-0.96775,-0.38799,2.41328,0.26361,0.22432,-0.51991,-0.3969,-0.38799,2.41328,-0.96775,-0.32533,-0.32533,0.26361,2.41328,2.41328,-0.3163,-0.19179,0.1638,0.90817,1.23575,0.1756,0.6536,0.3143,1.59947,0.2231,0.3156,3.35685,3.1569,0.485,-0.096001,0.24181,-0.425803,0.667613,0.2414,-0.2273,0.0217,86.52103522,85.83442042,71.02590384,98.13408498,91.08973164,98.13408498,71.02590384,27.10818114,94.61190831,78.43016213,91.9842527,81.05781774,84.57999441,88.46207603,16.18174618,10.92643496,3.882081625,77.93514722,51.28121506,88.77189713,96.44055162,99.82761834,93.40756616,90.77059262,93.73369363
ligand-86-p-o-12-int1,69,1,5,93,2.152,1.94,0.28909,1.19789,-0.94146,0.1736,2.1393,0.3461,-0.3657,-0.0265,-0.344,-0.17,0.1771,2.4164,-0.7301,-0.1769,2.7604,0.5601,0.354,-0.36871,-0.95638,-0.20672,2.41643,0.01619,0.23696,-0.36871,-0.28472,-0.20672,2.41643,-0.95638,-0.31489,-0.31489,0.01619,2.41643,2.41643,-0.28472,-0.03893,0.16089,0.9088,1.23055,0.2179,0.7118,0.3392,1.54189,0.174,0.3471,3.35786,3.1465,0.5532,-0.127815,0.369312,-0.429465,0.798777,0.3077,-0.2762,0.0367,86.56180116,82.78745807,72.73574357,97.90113679,92.82286619,97.90113679,72.73574357,25.16539322,95.36200149,77.76160082,90.34429743,82.77930488,85.31844018,87.80516213,17.60040067,7.564992546,2.486721953,72.12076034,51.93347,90.11833768,95.93738353,99.86489005,95.52739471,93.53801714,93.4541558
ligand-87-p-o-13-int1,57,1,5,93,2.186,1.934,0.31296,1.15796,-0.94886,0.1773,2.1068,0.3635,-0.4919,0.0801,-0.3209,-0.3588,0.2262,2.4166,-0.7413,-0.2627,2.7375,0.3825,0.4889,-0.34425,-0.95916,-0.20611,2.41659,0.01471,0.24723,-0.34425,-0.61247,-0.20611,2.41659,-0.95916,-0.33546,-0.28305,0.01471,2.41659,2.41659,-0.30846,-0.18993,0.20836,0.845,1.26182,0.2589,0.8554,0.572,1.47886,0.0379,0.585,3.36546,3.1579,0.4786,-0.070691,0.167382,-0.440472,0.607854,0.3114,-0.2956,0.0589,87.72188315,87.02944465,72.25819978,97.87551249,93.7243757,97.87551249,72.25819978,25.61731271,95.79994409,79.64382221,92.45247857,82.99128774,85.06685613,90.37691018,16.15612188,9.461190831,5.310054044,75.75941111,51.24860231,91.47409616,95.91408871,99.83693627,95.97465524,93.26779724,98.2994782
ligand-88-p-o-14-int1,71,1,5,93,2.153,1.94,0.28835,1.19537,-0.94069,0.175,2.1361,0.3445,-0.3713,-0.0612,-0.3468,-0.1747,0.1455,2.4186,-0.742,-0.3711,2.7654,0.5673,0.5166,-0.3647,-0.96497,-0.41178,2.41859,0.01435,0.23705,-0.3647,-0.3036,-0.41178,2.41859,-0.96497,-0.41178,-0.33042,0.01435,2.41859,2.41859,-0.3036,-0.33042,0.16105,0.90702,1.22904,0.2172,0.7158,0.3101,1.54217,0.1721,0.3202,3.35929,3.1606,0.3709,-0.121887,0.365326,-0.434601,0.799927,0.2851,-0.2673,0.013,86.46396291,83.38147596,71.93906075,97.77301528,92.76229966,97.77301528,71.93906075,25.83395453,95.26765747,77.66026836,90.57724562,82.35068021,84.85603802,88.07188781,17.60738912,8.226565412,3.215849795,73.2994782,50.47055535,90.16026836,95.67182259,99.87420798,95.36433097,93.40756616,93.46347372
ligand-90-p-o-16-int1,58,1,2,88,2.154,1.971,0.297,1.39223,-1.04888,0.1671,2.4411,0.0671,-0.1929,-0.0975,-0.6414,0.2983,-0.208,2.1929,-0.6829,0.1397,2.8343,0.9812,0.3477,-1.10104,-0.47496,-0.21279,2.19288,0.10307,0.22434,-1.10104,-0.18301,-1.04888,2.19288,-1.10104,-0.16769,-0.41047,2.19288,0.22434,2.19288,-0.47258,1.39223,0.1253,1.09523,1.34588,0.1046,0.26,0.0954,2.03363,0.9397,0.5063,3.24178,2.8758,0.8226,-0.132507,0.366708,-0.428456,0.795164,0.2624,-0.1093,-0.1151,85.88159243,83.50959747,72.7194372,97.35603802,89.94129706,97.35603802,72.7194372,24.63660082,93.64866754,78.11451733,90.43281774,81.33036713,85.03773761,86.72544726,15.5341502,9.102450615,1.687709653,78.96011927,60.44073798,86.20014909,96.05851659,98.65355945,93.68244502,84.99813641,88.05907566
ligand-91-p-o-17-int1,75,6,1,43,6.771,4.898,-0.31798,-0.16375,1.39191,0.1675,1.5557,-0.3925,0.1815,-0.1294,-0.1462,0.5197,-0.3961,-0.6389,0.2912,-0.2042,0.4927,0.2285,0.1919,-1.09589,-0.18343,-1.04941,0.23344,2.19225,0.22451,-0.47311,-0.16669,-1.09589,-1.09589,-0.18343,-1.04941,0.23344,2.19225,0.22248,-0.40824,2.19225,0.22451,0.93208,0.15423,1.70989,1.0066,0.574,0.3109,0.01755,0.6659,0.9158,2.03081,0.9301,0.4954,-0.23912,-0.204798,0.359256,0.564054,0.0456,-0.0238,-0.051,61.19432538,47.46785315,63.77655609,45.21990309,88.31298919,88.31298919,45.21990309,43.0930861,66.76644614,55.62220462,46.34387812,76.04477264,54.49822959,67.89042117,11.14424152,29.70089452,13.39219158,18.48210958,28.80637346,77.31084607,28.68058144,61.75922475,99.31513231,98.74673873,76.45359672
ligand-92-p-o-18-int1,52,1,5,96,2.152,1.927,0.30303,1.19768,-0.93279,0.1801,2.1305,0.3175,-0.2613,-0.1396,-0.383,-0.0256,0.0736,2.419,-0.7493,-0.248,2.802,0.7237,0.3216,-0.41712,-0.98712,-0.47991,2.41901,0.36132,0.22133,-0.41712,-0.31108,-0.47991,2.41901,-0.98712,-0.3245,-0.3245,0.36132,2.41901,2.41901,-0.31108,-0.17152,0.17063,0.89465,1.23582,0.1851,0.5788,0.1217,1.58068,0.3574,0.0992,3.35179,3.1683,0.5013,0.288442,0.37791,-0.491409,0.869319,0.2132,-0.1632,-0.0657,81.18069791,96.47083489,81.443347,89.19586284,57.61274693,96.47083489,57.61274693,38.85808796,73.40430488,88.95709094,92.83334886,69.52804696,85.31960492,77.04179091,15.55278606,23.3053019,8.277814014,93.29575102,74.74841595,50.88986209,79.21170332,99.18002236,64.33563176,88.13827805,99.64591875
ligand-96-p-o-22-int1,71,1,5,97,2.174,1.924,0.26777,1.2148,-0.9363,0.1799,2.1511,0.2732,-0.2296,-0.1591,-0.4437,-0.0184,0.0254,2.4237,-0.748,-0.262,2.8674,0.7296,0.2874,-0.50051,-0.98707,-0.48376,2.4237,0.38297,0.23057,-0.50051,-0.39518,-0.48376,2.4237,-0.98707,-0.33821,-0.33821,0.38297,2.4237,2.4237,-0.3064,-0.18574,0.12847,0.94703,1.20407,0.1339,0.5028,0.0705,1.6585,0.4253,0.0438,3.36,3.1717,0.486,0.066301,0.283886,-0.467848,0.751734,0.2065,-0.1171,-0.0969,84.09022083,95.78130824,72.50512486,91.79556467,76.27888558,95.78130824,72.50512486,23.27618338,84.03722512,84.14321655,93.78843645,74.39200522,82.15034476,86.03009691,0.105991428,19.39643123,3.879752143,92.48975028,58.33954529,65.78922848,83.75419307,99.83693627,86.76854268,86.67070444,99.07286619
ligand-97-p-o-23-int1,77,1,5,94,2.206,1.928,0.33554,1.13919,-0.95727,0.1758,2.0965,0.3208,-0.3368,-0.0523,-0.378,-0.1601,0.1241,2.4172,-0.7396,-0.2541,2.7952,0.5795,0.3782,-0.47474,-0.95528,-0.38307,2.41717,0.20745,0.22431,-0.47474,-0.40536,-0.38307,2.41717,-0.95528,-0.31773,-0.31773,0.20745,2.41717,2.41717,-0.30888,-0.19047,0.24454,0.80365,1.29281,0.2298,0.6576,0.2845,1.51719,0.2179,0.2842,3.37447,3.1568,0.4855,-0.154016,0.366339,-0.430748,0.797087,0.2941,-0.2459,0.0272,87.58036713,83.54221021,74.76705181,98.47418934,93.53801714,98.47418934,74.76705181,23.70713753,96.00610324,79.15463101,91.00819978,84.15253448,86.62062057,88.54011368,16.85147223,6.8556653,1.919493105,71.38464406,54.00670891,91.07808423,97.23723444,99.71114424,95.99795006,95.52739471,95.69977637
ligand-99-p-o-25-int1,69,1,5,95,2.159,1.922,0.26149,1.1947,-0.93552,0.1802,2.1302,0.3126,-0.3373,-0.0536,-0.3919,-0.1577,0.1235,2.4263,-0.7437,-0.2761,2.8182,0.586,0.3996,-0.48527,-0.98215,-0.38437,2.4263,0.2167,0.22083,-0.48527,-0.4031,-0.38437,2.4263,-0.98215,-0.36428,-0.32618,0.2167,2.4263,2.4263,-0.29928,-0.18792,0.13189,0.93321,1.19701,0.183,0.6499,0.2837,1.5866,0.2342,0.2812,3.36182,3.17,0.4676,-0.064312,0.316729,-0.453554,0.770283,0.3194,-0.2555,0.0068,87.17503727,96.14936638,73.66054789,93.57062989,85.31960492,96.14936638,73.66054789,22.48881849,89.44511741,84.90495714,94.85999814,79.49007641,83.61558889,90.73448565,4.540160268,15.36992173,7.118896757,92.95564666,58.91259784,76.58404771,87.19716735,99.94409243,94.05516213,88.40849795,99.3430861
